author_id,author_name,author_page_url,birthplace,book_average_rating,book_fullurl,book_id,book_title,genre_1,genre_2,pages,year_publication,fiction_nonfiction,genre_number
7956,Mary Roach ,/author/show/7956.Mary_Roach,USA and Canada,3.84,https://www.goodreads.com/book/show/5981308-bonk,5981308,       Bonk: The Curious Coupling of Science and Sex ,Science,Science,319,2008,Nonfiction,7
925098,Jennifer Storm ,/author/show/925098.Jennifer_Storm,Unknown,3.72,https://www.goodreads.com/book/show/2034321.Blackout_Girl,2034321,       Blackout Girl: Growing Up and Drying Out in America ,Biography & Autobiography,Nonfiction,280,2008,Nonfiction,2
3275,Jeannette Walls ,/author/show/3275.Jeannette_Walls,USA and Canada,4.26,https://www.goodreads.com/book/show/7445.The_Glass_Castle,7445,       The Glass Castle ,Biography & Autobiography,Autobiography,288,2005,Nonfiction,2
11679,Elizabeth Gilbert ,/author/show/11679.Elizabeth_Gilbert,USA and Canada,3.53,https://www.goodreads.com/book/show/19501.Eat_Pray_Love,19501,"       Eat, Pray, Love ",Biography & Autobiography,Autobiography,334,2006,Nonfiction,2
3720,Anne Frank ,/author/show/3720.Anne_Frank,Europe,4.12,https://www.goodreads.com/book/show/48855.The_Diary_of_a_Young_Girl,48855,       The Diary of a Young Girl ,Biography & Autobiography,Classics,304,1947,Nonfiction,2
58918,Helene Hanff ,/author/show/58918.Helene_Hanff,USA and Canada,4.19,https://www.goodreads.com/book/show/368916.84_Charing_Cross_Road,368916,"       84, Charing Cross Road ",Writing,Writing,97,1970,Nonfiction,10
8644,Sylvia Nasar ,/author/show/8644.Sylvia_Nasar,Europe,4.12,https://www.goodreads.com/book/show/13912.A_Beautiful_Mind,13912,       A Beautiful Mind ,Biography & Autobiography,Nonfiction,461,1998,Nonfiction,2
102203,Corrie ten Boom ,/author/show/102203.Corrie_ten_Boom,Europe,4.41,https://www.goodreads.com/book/show/561909.The_Hiding_Place,561909,       The Hiding Place: The Triumphant True Story of Corrie Ten Boom ,Biography & Autobiography,Biography,242,1971,Nonfiction,2
30913,Laura Hillenbrand ,/author/show/30913.Laura_Hillenbrand,USA and Canada,4.38,https://www.goodreads.com/book/show/8664353-unbroken,8664353,"       Unbroken: A World War II Story of Survival, Resilience and Redemption ",History,History,473,2010,Nonfiction,5
179790,Gwen Cooper ,/author/show/179790.Gwen_Cooper,USA and Canada,4.19,https://www.goodreads.com/book/show/6261477-homer-s-odyssey,6261477,       Homer's Odyssey ,Animals,Animals,287,2009,Nonfiction,1
1258608,Eva Saulitis ,/author/show/1258608.Eva_Saulitis,Unknown,4.21,https://www.goodreads.com/book/show/13642241-into-great-silence,13642241,       Into Great Silence: A Memoir of Discovery and Loss among Vanishing Orcas ,Biography & Autobiography,Autobiography,272,2013,Nonfiction,2
132350,Joy Adamson ,/author/show/132350.Joy_Adamson,Europe,4.17,https://www.goodreads.com/book/show/758153.Born_Free,758153,       Born Free: A Lioness of Two Worlds ,Animals,Animals,224,1960,Nonfiction,1
238,Joan Didion ,/author/show/238.Joan_Didion,USA and Canada,3.88,https://www.goodreads.com/book/show/7815.The_Year_of_Magical_Thinking,7815,       The Year of Magical Thinking ,Biography & Autobiography,Autobiography,227,2005,Nonfiction,2
5571,Lynne Truss ,/author/show/5571.Lynne_Truss,Europe,3.87,https://www.goodreads.com/book/show/8600.Eats_Shoots_Leaves,8600,"       Eats, Shoots & Leaves: The Zero Tolerance Approach to Punctuation ",Writing,Language,209,2003,Nonfiction,10
29655,Rhonda Byrne ,/author/show/29655.Rhonda_Byrne,Oceania,3.65,https://www.goodreads.com/book/show/52529.The_Secret,52529,       The Secret ,Self Help,Nonfiction,199,2006,Nonfiction,8
4370,Elizabeth Wurtzel ,/author/show/4370.Elizabeth_Wurtzel,USA and Canada,3.59,https://www.goodreads.com/book/show/227603.Prozac_Nation,227603,       Prozac Nation ,Biography & Autobiography,Autobiography,368,1994,Nonfiction,2
8546,Julie Powell ,/author/show/8546.Julie_Powell,USA and Canada,3.7,https://www.goodreads.com/book/show/13747.Julie_and_Julia,13747,"       Julie and Julia: 365 Days, 524 Recipes, 1 Tiny Apartment Kitchen ",Biography & Autobiography,Autobiography,310,2005,Nonfiction,2
4376,Susanna Kaysen ,/author/show/4376.Susanna_Kaysen,USA and Canada,3.9,https://www.goodreads.com/book/show/68783.Girl_Interrupted,68783,"       Girl, Interrupted ",Biography & Autobiography,Autobiography,169,1993,Nonfiction,2
7064545,Malala Yousafzai ,/author/show/7064545.Malala_Yousafzai,Asia,4.1,https://www.goodreads.com/book/show/17851885-i-am-malala,17851885,       I Am Malala: The Story of the Girl Who Stood Up for Education and Was Shot by the Taliban ,Biography & Autobiography,Biography,327,2012,Nonfiction,2
2940640,Rebecca Skloot ,/author/show/2940640.Rebecca_Skloot,USA and Canada,4.05,https://www.goodreads.com/book/show/6493208-the-immortal-life-of-henrietta-lacks,6493208,       The Immortal Life of Henrietta Lacks ,Science,Science,370,2010,Nonfiction,7
7275,Helen Keller ,/author/show/7275.Helen_Keller,USA and Canada,4.08,https://www.goodreads.com/book/show/821611.The_Story_of_My_Life,821611,       The Story of My Life ,Biography & Autobiography,Biography,240,1902,Nonfiction,2
5272674,Jenny  Lawson ,/author/show/5272674.Jenny_Lawson,Unknown,3.9,https://www.goodreads.com/book/show/12868761-let-s-pretend-this-never-happened,12868761,       Let's Pretend This Never Happened: A Mostly True Memoir ,Biography & Autobiography,Autobiography,318,2012,Nonfiction,2
155717,Cheryl Strayed ,/author/show/155717.Cheryl_Strayed,USA and Canada,3.98,https://www.goodreads.com/book/show/12262741-wild,12262741,       Wild: From Lost to Found on the Pacific Crest Trail ,Biography & Autobiography,Autobiography,315,2012,Nonfiction,2
4826,Frances Mayes ,/author/show/4826.Frances_Mayes,USA and Canada,3.75,https://www.goodreads.com/book/show/480479.Under_the_Tuscan_Sun,480479,       Under the Tuscan Sun ,Travel,Nonfiction,304,1996,Nonfiction,9
2122,Sarah Vowell ,/author/show/2122.Sarah_Vowell,USA and Canada,3.98,https://www.goodreads.com/book/show/3110.Assassination_Vacation,3110,       Assassination Vacation ,History,History,258,2005,Nonfiction,5
17765,Iris Chang ,/author/show/17765.Iris_Chang,USA and Canada,4.11,https://www.goodreads.com/book/show/95784.The_Rape_of_Nanking,95784,       The Rape of Nanking ,History,Nonfiction,290,1997,Nonfiction,5
3277,Dava Sobel ,/author/show/3277.Dava_Sobel,USA and Canada,3.96,https://www.goodreads.com/book/show/4806.Longitude,4806,       Longitude: The True Story of a Lone Genius Who Solved the Greatest Scientific Problem of His Time ,History,Nonfiction,192,1995,Nonfiction,5
7113,Anne Lamott ,/author/show/7113.Anne_Lamott,USA and Canada,4.23,https://www.goodreads.com/book/show/12543.Bird_by_Bird,12543,       Bird by Bird: Some Instructions on Writing and Life ,Writing,Nonfiction,237,1994,Nonfiction,10
785914,Barbara Demick ,/author/show/785914.Barbara_Demick,USA and Canada,4.43,https://www.goodreads.com/book/show/40604846-nothing-to-envy,40604846,       Nothing to Envy: Ordinary Lives in North Korea ,History,History,316,2009,Nonfiction,5
15332,Rachel Carson ,/author/show/15332.Rachel_Carson,USA and Canada,3.96,https://www.goodreads.com/book/show/27333.Silent_Spring,27333,       Silent Spring ,Science,Science,378,1962,Nonfiction,7
251495,Barbara Walters ,/author/show/251495.Barbara_Walters,USA and Canada,3.68,https://www.goodreads.com/book/show/2847470-audition,2847470,       Audition: A Memoir ,Biography & Autobiography,Nonfiction,613,2008,Nonfiction,2
2778471,Hillary Rodham Clinton ,/author/show/2778471.Hillary_Rodham_Clinton,USA and Canada,3.76,https://www.goodreads.com/book/show/56073.Living_History,56073,       Living History ,Biography & Autobiography,Biography,567,2003,Nonfiction,2
361715,Michelle Malkin ,/author/show/361715.Michelle_Malkin,USA and Canada,3.98,https://www.goodreads.com/book/show/6508023-culture-of-corruption,6508023,"       Culture of Corruption: Obama and His Team of Tax Cheats, Crooks, and Cronies ",History,Politics,376,2009,Nonfiction,5
4852,Jenna Jameson ,/author/show/4852.Jenna_Jameson,USA and Canada,3.75,https://www.goodreads.com/book/show/7252.How_to_Make_Love_Like_a_Porn_Star,7252,       How to Make Love Like a Porn Star: A Cautionary Tale ,Biography & Autobiography,Biography,592,2004,Nonfiction,2
4631645,Bristol Palin ,/author/show/4631645.Bristol_Palin,USA and Canada,3.52,https://www.goodreads.com/book/show/10409559-not-afraid-of-life,10409559,       Not Afraid of Life: My Journey So Far ,Biography & Autobiography,Autobiography,272,2011,Nonfiction,2
1853305,Mary Wollstonecraft ,/author/show/1853305.Mary_Wollstonecraft,Europe,3.91,https://www.goodreads.com/book/show/224387.A_Vindication_of_the_Rights_of_Woman,224387,       A Vindication of the Rights of Woman ,Feminism,Nonfiction,269,1792,Nonfiction,3
21798,Betty Friedan ,/author/show/21798.Betty_Friedan,USA and Canada,3.87,https://www.goodreads.com/book/show/17573685-the-feminine-mystique,17573685,       The Feminine Mystique ,Feminism,Nonfiction,592,1963,Nonfiction,3
5548,Simone de Beauvoir ,/author/show/5548.Simone_de_Beauvoir,Europe,4.12,https://www.goodreads.com/book/show/457264.The_Second_Sex,457264,       The Second Sex ,Feminism,Nonfiction,746,1949,Nonfiction,3
7391697,Sarah Jane Butfield ,/author/show/7391697.Sarah_Jane_Butfield,Europe,3.77,https://www.goodreads.com/book/show/18960012-glass-half-full,18960012,       Glass Half Full ,Biography & Autobiography,Autobiography,196,2013,Nonfiction,2
57229,Lucy Grealy ,/author/show/57229.Lucy_Grealy,Europe,3.97,https://www.goodreads.com/book/show/534255.Autobiography_of_a_Face,534255,       Autobiography of a Face ,Biography & Autobiography,Nonfiction,256,1994,Nonfiction,2
3028,Loung Ung ,/author/show/3028.Loung_Ung,Asia,4.33,https://www.goodreads.com/book/show/4373.First_They_Killed_My_Father,4373,       First They Killed My Father: A Daughter of Cambodia Remembers ,Biography & Autobiography,Autobiography,238,2000,Nonfiction,2
13900,Alexandra Fuller ,/author/show/13900.Alexandra_Fuller,Europe,3.96,https://www.goodreads.com/book/show/24687.Don_t_Let_s_Go_to_the_Dogs_Tonight,24687,       Don't Let's Go to the Dogs Tonight: An African Childhood ,Biography & Autobiography,Nonfiction,315,2001,Nonfiction,2
114656,Cupcake Brown ,/author/show/114656.Cupcake_Brown,Unknown,4.17,https://www.goodreads.com/book/show/196764.A_Piece_of_Cake,196764,       A Piece of Cake ,Biography & Autobiography,Autobiography,472,2006,Nonfiction,2
8865,Mary Karr ,/author/show/8865.Mary_Karr,USA and Canada,3.93,https://www.goodreads.com/book/show/14241.The_Liars_Club,14241,       The Liars' Club ,Biography & Autobiography,Nonfiction,320,1995,Nonfiction,2
427437,Carolyn Jessop ,/author/show/427437.Carolyn_Jessop,USA and Canada,3.97,https://www.goodreads.com/book/show/818811.Escape,818811,       Escape ,Biography & Autobiography,Autobiography,413,2007,Nonfiction,2
1054,Beryl Markham ,/author/show/1054.Beryl_Markham,Europe,4.19,https://www.goodreads.com/book/show/1624.West_with_the_Night,1624,       West with the Night ,Biography & Autobiography,Autobiography,294,1942,Nonfiction,2
6582,Antonia Fraser ,/author/show/6582.Antonia_Fraser,Europe,3.92,https://www.goodreads.com/book/show/17157.Marie_Antoinette,17157,       Marie Antoinette: The Journey ,History,Biography,512,2001,Nonfiction,5
788947,Susan Joyce ,/author/show/788947.Susan_Joyce,Unknown,4.6,https://www.goodreads.com/book/show/18096567-the-lullaby-illusion,18096567,       The Lullaby Illusion: A Journey of Awakening ,Biography & Autobiography,Biography,358,2013,Nonfiction,2
196092,Patti Smith ,/author/show/196092.Patti_Smith,USA and Canada,4.13,https://www.goodreads.com/book/show/341879.Just_Kids,341879,       Just Kids ,Biography & Autobiography,Autobiography,304,2010,Nonfiction,2
6520230,Savannah Grace ,/author/show/6520230.Savannah_Grace,USA and Canada,3.97,https://www.goodreads.com/book/show/19937223-i-grew-my-boobs-in-china,19937223,       I Grew My Boobs in China ,Travel,Nonfiction,358,2012,Nonfiction,9
3116624,Victoria Twead ,/author/show/3116624.Victoria_Twead,Europe,3.93,https://www.goodreads.com/book/show/16707686-two-old-fools-on-a-camel,16707686,       Two Old Fools on a Camel: From Spain to Bahrain and Back Again ,Travel,Nonfiction,208,2012,Nonfiction,9
46245,Ayaan Hirsi Ali ,/author/show/46245.Ayaan_Hirsi_Ali,Africa,4.21,https://www.goodreads.com/book/show/81227.Infidel,81227,       Infidel ,Biography & Autobiography,Autobiography,353,2006,Nonfiction,2
3503,Maya Angelou ,/author/show/3503.Maya_Angelou,USA and Canada,4.21,https://www.goodreads.com/book/show/13214.I_Know_Why_the_Caged_Bird_Sings,13214,       I Know Why the Caged Bird Sings ,Biography & Autobiography,Classics,289,1969,Nonfiction,2
68481,Nawal El-Saadawi ,/author/show/68481.Nawal_El_Saadawi,Africa,4.01,https://www.goodreads.com/book/show/159604.Woman_at_Point_Zero,159604,       Woman at Point Zero ,Feminism,Fiction,112,1975,Nonfiction,3
3723,Alison Leslie Gold ,/author/show/3723.Alison_Leslie_Gold,USA and Canada,4.2,https://www.goodreads.com/book/show/275228.Memories_Of_Anne_Frank,275228,       Memories of Anne Frank: Reflections of a Childhood Friend ,History,History,135,1997,Nonfiction,5
159563,Anita Lobel ,/author/show/159563.Anita_Lobel,Europe,3.9,https://www.goodreads.com/book/show/296468.No_Pretty_Pictures,296468,       No Pretty Pictures: A Child of War ,History,Nonfiction,208,1998,Nonfiction,5
154108,Ruth Minsky Sender ,/author/show/154108.Ruth_Minsky_Sender,Europe,4.07,https://www.goodreads.com/book/show/263919.The_Cage,263919,       The Cage ,History,Nonfiction,264,1986,Nonfiction,5
12806,Hannah Arendt ,/author/show/12806.Hannah_Arendt,Europe,4.21,https://www.goodreads.com/book/show/52090.Eichmann_in_Jerusalem,52090,       Eichmann in Jerusalem: A Report on the Banality of Evil ,History,Nonfiction,312,1963,Nonfiction,5
19654,Karen Levine ,/author/show/19654.Karen_Levine,Unknown,4.15,https://www.goodreads.com/book/show/948584.Hana_s_Suitcase,948584,       Hana's Suitcase: A True Story ,History,World War II,120,2002,Nonfiction,5
27420,Livia E. Bitton-Jackson ,/author/show/27420.Livia_E_Bitton_Jackson,Europe,4.15,https://www.goodreads.com/book/show/48834.I_Have_Lived_a_Thousand_Years,48834,       I Have Lived a Thousand Years ,History,Nonfiction,234,1997,Nonfiction,5
3275,Jeannette Walls ,/author/show/3275.Jeannette_Walls,USA and Canada,4.06,https://www.goodreads.com/book/show/6366437-half-broke-horses,6366437,       Half Broke Horses ,Biography & Autobiography,Nonfiction,272,2008,Nonfiction,2
6862869,Suzy Soro ,/author/show/6862869.Suzy_Soro,USA and Canada,4.37,https://www.goodreads.com/book/show/17164772-celebrity-stalker,17164772,       Celebrity sTalker ,Biography & Autobiography,Nonfiction,166,2012,Nonfiction,2
4619475,Rachel  Thompson ,/author/show/4619475.Rachel_Thompson,USA and Canada,3.88,https://www.goodreads.com/book/show/17162089-broken-pieces,17162089,       Broken Pieces ,Biography & Autobiography,Autobiography,116,2012,Nonfiction,2
7956,Mary Roach ,/author/show/7956.Mary_Roach,USA and Canada,3.94,https://www.goodreads.com/book/show/9542311-packing-for-mars,9542311,       Packing for Mars: The Curious Science of Life in the Void ,Science,Science,334,2010,Nonfiction,7
3277,Dava Sobel ,/author/show/3277.Dava_Sobel,USA and Canada,3.75,https://www.goodreads.com/book/show/18646.Galileo_s_Daughter,18646,"       Galileo's Daughter: A Historical Memoir of Science, Faith and Love ",History,Nonfiction,420,1999,Nonfiction,5
57108,Gloria Steinem ,/author/show/57108.Gloria_Steinem,USA and Canada,4.1,https://www.goodreads.com/book/show/335090.Revolution_from_Within,335090,       Revolution from Within: A Book of Self-Esteem ,Feminism,Nonfiction,432,1991,Nonfiction,3
516921,Gloria E. Anzaldúa ,/author/show/516921.Gloria_E_Anzald_a,USA and Canada,4.28,https://www.goodreads.com/book/show/45882.Borderlands_La_Frontera,45882,       Borderlands/La Frontera: The New Mestiza ,Feminism,Nonfiction,260,1987,Nonfiction,3
18486,Audre Lorde ,/author/show/18486.Audre_Lorde,USA and Canada,4.24,https://www.goodreads.com/book/show/395220.Zami,395220,       Zami: A New Spelling of My Name ,Biography & Autobiography,Feminism,264,1982,Nonfiction,2
222118,Jessica Valenti ,/author/show/222118.Jessica_Valenti,USA and Canada,3.88,https://www.goodreads.com/book/show/2181667.He_s_a_Stud_She_s_a_Slut_and_49_Other_Double_Standards_Every_Woman_Should_Know,2181667,"       He's a Stud, She's a Slut, and 49 Other Double Standards Every Woman Should Know ",Feminism,Nonfiction,219,2008,Nonfiction,3
3360355,Roxane Gay ,/author/show/3360355.Roxane_Gay,Unknown,3.94,https://www.goodreads.com/book/show/18813642-bad-feminist,18813642,       Bad Feminist ,Feminism,Feminism,320,2014,Nonfiction,3
10697,bell hooks ,/author/show/10697.bell_hooks,USA and Canada,4.38,https://www.goodreads.com/book/show/250792.Ain_t_I_a_Woman,250792,       Ain't I a Woman: Black Women and Feminism ,Feminism,Nonfiction,205,1981,Nonfiction,3
11286,Ariel Levy ,/author/show/11286.Ariel_Levy,USA and Canada,3.68,https://www.goodreads.com/book/show/18745.Female_Chauvinist_Pigs,18745,       Female Chauvinist Pigs: Women and the Rise of Raunch Culture ,Feminism,Nonfiction,236,2005,Nonfiction,3
1244575,Cherríe L. Moraga ,/author/show/1244575.Cherr_e_L_Moraga,USA and Canada,4.47,https://www.goodreads.com/book/show/313110.This_Bridge_Called_My_Back,313110,       This Bridge Called My Back: Writings by Radical Women of Color ,Feminism,Nonfiction,261,1981,Nonfiction,3
56667,Germaine Greer ,/author/show/56667.Germaine_Greer,Oceania,3.72,https://www.goodreads.com/book/show/98532.The_Female_Eunuch,98532,       The Female Eunuch ,Feminism,Nonfiction,400,1970,Nonfiction,3
117182,Susan Faludi ,/author/show/117182.Susan_Faludi,Unknown,3.99,https://www.goodreads.com/book/show/200883.Backlash,200883,       Backlash: The Undeclared War Against American Women ,Feminism,Nonfiction,594,1991,Nonfiction,3
901977,Clarissa Pinkola Estés ,/author/show/901977.Clarissa_Pinkola_Est_s,Asia,4.17,https://www.goodreads.com/book/show/241823.Women_Who_Run_With_the_Wolves,241823,       Women Who Run With the Wolves: Myths and Stories of the Wild Woman Archetype ,Feminism,Feminism,608,1996,Nonfiction,3
1853305,Mary Wollstonecraft ,/author/show/1853305.Mary_Wollstonecraft,Europe,3.99,https://www.goodreads.com/book/show/224388.A_Vindication_of_the_Rights_of_Men_A_Vindication_of_the_Rights_of_Woman_An_Historical_and_Moral_View_of_the_French_Revolution,224388,       A Vindication of the Rights of Men & A Vindication of the Rights of Woman & An Historical and Moral View of the French Revolution ,Feminism,Nonfiction,464,1993,Nonfiction,3
5231,Judith Butler ,/author/show/5231.Judith_Butler,USA and Canada,4.09,https://www.goodreads.com/book/show/85767.Gender_Trouble,85767,       Gender Trouble: Feminism and the Subversion of Identity ,Feminism,Nonfiction,236,1989,Nonfiction,3
939363,Caitlin Moran ,/author/show/939363.Caitlin_Moran,Europe,3.73,https://www.goodreads.com/book/show/10600242-how-to-be-a-woman,10600242,       How to Be a Woman ,Feminism,Feminism,312,2011,Nonfiction,3
485392,Jane Mayer ,/author/show/485392.Jane_Mayer,USA and Canada,4.36,https://www.goodreads.com/book/show/27833494-dark-money,27833494,       Dark Money: The Hidden History of the Billionaires Behind the Rise of the Radical Right ,History,Politics,464,2016,Nonfiction,5
14172374,Sue Klebold ,/author/show/14172374.Sue_Klebold,Unknown,4.13,https://www.goodreads.com/book/show/25937671-a-mother-s-reckoning,25937671,       A Mother's Reckoning: Living in the Aftermath of Tragedy ,Biography & Autobiography,Autobiography,336,2016,Nonfiction,2
9639,Laurel Thatcher Ulrich ,/author/show/9639.Laurel_Thatcher_Ulrich,USA and Canada,3.77,https://www.goodreads.com/book/show/473815.Well_Behaved_Women_Seldom_Make_History,473815,       Well-Behaved Women Seldom Make History ,History,History,320,2007,Nonfiction,5
646944,Lady Nijō ,/author/show/646944.Lady_Nij_,Asia,3.93,https://www.goodreads.com/book/show/1200593.The_Confessions_of_Lady_Nij_,1200593,       The Confessions of Lady Nijō ,Biography & Autobiography,Nonfiction,288,1307,Nonfiction,2
617,Mineko Iwasaki ,/author/show/617.Mineko_Iwasaki,Asia,3.92,https://www.goodreads.com/book/show/522534.Geisha_a_Life,522534,"       Geisha, a Life ",Biography & Autobiography,Cultural,297,2002,Nonfiction,2
16575,Diablo Cody ,/author/show/16575.Diablo_Cody,USA and Canada,3.54,https://www.goodreads.com/book/show/29486.Candy_Girl,29486,       Candy Girl: A Year in the Life of an Unlikely Stripper ,Biography & Autobiography,Autobiography,212,2005,Nonfiction,2
3060064,Nujood Ali ,/author/show/3060064.Nujood_Ali,Asia,3.81,https://www.goodreads.com/book/show/6818019-i-am-nujood-age-10-and-divorced,6818019,"       I Am Nujood, Age 10 and Divorced ",Biography & Autobiography,Autobiography,188,2009,Nonfiction,2
3405767,Portia de Rossi ,/author/show/3405767.Portia_de_Rossi,Oceania,3.84,https://www.goodreads.com/book/show/9219901-unbearable-lightness,9219901,       Unbearable Lightness: A Story of Loss and Gain ,Biography & Autobiography,Biography,320,2010,Nonfiction,2
84099,Katharine Hepburn ,/author/show/84099.Katharine_Hepburn,USA and Canada,3.87,https://www.goodreads.com/book/show/145397.Me,145397,       Me: Stories of My Life ,Biography & Autobiography,Nonfiction,432,1991,Nonfiction,2
5675,Waris Dirie ,/author/show/5675.Waris_Dirie,Africa,4.12,https://www.goodreads.com/book/show/8745.Desert_Flower,8745,       Desert Flower ,Biography & Autobiography,Biography,240,1998,Nonfiction,2
6162,Nuala O'Faolain ,/author/show/6162.Nuala_O_Faolain,Europe,3.51,https://www.goodreads.com/book/show/240188.Are_You_Somebody_,240188,       Are You Somebody?: The Accidental Memoir of a Dublin Woman ,Biography & Autobiography,Cultural,224,1996,Nonfiction,2
49187,Noor Al-Hussein ,/author/show/49187.Noor_Al_Hussein,USA and Canada,3.8,https://www.goodreads.com/book/show/400598.Leap_of_Faith,400598,       Leap of Faith: Memoirs of an Unexpected Life ,Biography & Autobiography,Biography,496,2002,Nonfiction,2
24349,Betty Mahmoody ,/author/show/24349.Betty_Mahmoody,USA and Canada,4.07,https://www.goodreads.com/book/show/43255.Not_Without_My_Daughter,43255,       Not Without My Daughter ,Biography & Autobiography,Biography,528,1987,Nonfiction,2
11192,Lauren Bacall ,/author/show/11192.Lauren_Bacall,USA and Canada,4.0,https://www.goodreads.com/book/show/836301.By_Myself,836301,       By Myself ,Biography & Autobiography,Nonfiction,512,1978,Nonfiction,2
145047,Gilda Radner ,/author/show/145047.Gilda_Radner,USA and Canada,4.07,https://www.goodreads.com/book/show/248170.It_s_Always_Something,248170,       It's Always Something ,Biography & Autobiography,Nonfiction,256,1989,Nonfiction,2
25926,Firoozeh Dumas ,/author/show/25926.Firoozeh_Dumas,Asia,3.79,https://www.goodreads.com/book/show/46349.Funny_in_Farsi,46349,       Funny in Farsi: A Memoir of Growing Up Iranian in America ,Biography & Autobiography,Nonfiction,240,2003,Nonfiction,2
4369397,Harriet Ann Jacobs ,/author/show/4369397.Harriet_Ann_Jacobs,USA and Canada,4.1,https://www.goodreads.com/book/show/152519.Incidents_in_the_Life_of_a_Slave_Girl,152519,       Incidents in the Life of a Slave Girl ,History,History,176,1861,Nonfiction,5
3878,Adeline Yen Mah ,/author/show/3878.Adeline_Yen_Mah,Asia,3.89,https://www.goodreads.com/book/show/54529.Falling_Leaves,54529,       Falling Leaves: The Memoir of an Unwanted Chinese Daughter ,Biography & Autobiography,Autobiography,278,1997,Nonfiction,2
54931,Katharine Graham ,/author/show/54931.Katharine_Graham,USA and Canada,4.13,https://www.goodreads.com/book/show/95420.Personal_History,95420,       Personal History ,Biography & Autobiography,Nonfiction,642,1997,Nonfiction,2
5662,Ruth Reichl ,/author/show/5662.Ruth_Reichl,USA and Canada,3.93,https://www.goodreads.com/book/show/80642.Garlic_and_Sapphires,80642,       Garlic and Sapphires: The Secret Life of a Critic in Disguise ,Food and Drink,Food and Drink,334,2005,Nonfiction,4
21163,Jill Ker Conway ,/author/show/21163.Jill_Ker_Conway,Oceania,4.04,https://www.goodreads.com/book/show/107430.The_Road_from_Coorain,107430,       The Road from Coorain: A Woman's Exquisitely Clear-Sighted Memoir of Growing Up Australian ,Biography & Autobiography,Nonfiction,238,1989,Nonfiction,2
72953,Jennifer Lauck ,/author/show/72953.Jennifer_Lauck,USA and Canada,4.08,https://www.goodreads.com/book/show/920330.Blackbird,920330,       Blackbird: A Childhood Lost and Found ,Biography & Autobiography,Nonfiction,432,2000,Nonfiction,2
7113,Anne Lamott ,/author/show/7113.Anne_Lamott,USA and Canada,4.19,https://www.goodreads.com/book/show/12540.Operating_Instructions,12540,       Operating Instructions: A Journal of My Son's First Year ,Biography & Autobiography,Nonfiction,251,1993,Nonfiction,2
3465,Julia Child ,/author/show/3465.Julia_Child,USA and Canada,4.17,https://www.goodreads.com/book/show/5084.My_Life_in_France,5084,       My Life in France ,Biography & Autobiography,Nonfiction,302,2006,Nonfiction,2
7190,Anaïs Nin ,/author/show/7190.Ana_s_Nin,Europe,4.11,https://www.goodreads.com/book/show/46064.The_Diary_of_Ana_s_Nin_Vol_1,46064,"       The Diary of Anaïs Nin, Vol. 1: 1931-1934 ",Biography & Autobiography,Biography,384,1966,Nonfiction,2
5448929,Jean Sasson ,/author/show/5448929.Jean_Sasson,USA and Canada,4.01,https://www.goodreads.com/book/show/613283.Princess,613283,       Princess: A True Story of Life Behind the Veil in Saudi Arabia ,Biography & Autobiography,Biography,286,1992,Nonfiction,2
14787070,Nancy Quinn ,/author/show/14787070.Nancy_Quinn,USA and Canada,4.69,https://www.goodreads.com/book/show/30820701-go-west-young-woman,30820701,"       Go West, Young Woman!: From Military Wife to Country Life ",Biography & Autobiography,Nonfiction,392,2016,Nonfiction,2
8176646,Polly Whittaker ,/author/show/8176646.Polly_Whittaker,Europe,4.26,https://www.goodreads.com/book/show/22006321-polly,22006321,       Polly: Sex Culture Revolutionary ,Biography & Autobiography,Autobiography,314,2014,Nonfiction,2
183491,Amanda Foreman ,/author/show/183491.Amanda_Foreman,Europe,3.8,https://www.goodreads.com/book/show/319300.Georgiana,319300,       Georgiana: Duchess of Devonshire ,History,Biography,456,1998,Nonfiction,5
527872,Jennifer Worth ,/author/show/527872.Jennifer_Worth,Europe,4.19,https://www.goodreads.com/book/show/6114607-the-midwife,6114607,"       The Midwife: A Memoir of Birth, Joy, and Hard Times ",Biography & Autobiography,Autobiography,340,2002,Nonfiction,2
44565,Candice Millard ,/author/show/44565.Candice_Millard,Unknown,4.2,https://www.goodreads.com/book/show/10335318-destiny-of-the-republic,10335318,"       Destiny of the Republic: A Tale of Madness, Medicine and the Murder of a President ",History,Nonfiction,339,2011,Nonfiction,5
6366,Margaret MacMillan ,/author/show/6366.Margaret_MacMillan,USA and Canada,4.08,https://www.goodreads.com/book/show/26348.Paris_1919,26348,       Paris 1919: Six Months that Changed the World ,History,Nonfiction,570,2001,Nonfiction,5
7350402,Amy Poehler ,/author/show/7350402.Amy_Poehler,USA and Canada,3.82,https://www.goodreads.com/book/show/20910157-yes-please,20910157,       Yes Please ,Biography & Autobiography,Autobiography,329,2014,Nonfiction,2
21135,Anne Morrow Lindbergh ,/author/show/21135.Anne_Morrow_Lindbergh,USA and Canada,4.17,https://www.goodreads.com/book/show/77295.Gift_from_the_Sea,77295,       Gift from the Sea ,Biography & Autobiography,Autobiography,130,1955,Nonfiction,2
16329,Gina Kolata ,/author/show/16329.Gina_Kolata,USA and Canada,3.9,https://www.goodreads.com/book/show/763331.Flu,763331,       Flu: The Story Of The Great Influenza Pandemic of 1918 and the Search for the Virus that Caused It ,History,History,352,1999,Nonfiction,5
5783658,Sheri  Fink ,/author/show/5783658.Sheri_Fink,USA and Canada,3.89,https://www.goodreads.com/book/show/17704902-five-days-at-memorial,17704902,       Five Days at Memorial: Life and Death in a Storm-Ravaged Hospital ,History,History,558,2013,Nonfiction,5
7382113,Judy Melinek ,/author/show/7382113.Judy_Melinek,Unknown,4.15,https://www.goodreads.com/book/show/18775327-working-stiff,18775327,"       Working Stiff: Two Years, 262 Bodies, and the Making of a Medical Examiner ",Science,Science,258,2014,Nonfiction,7
9639,Laurel Thatcher Ulrich ,/author/show/9639.Laurel_Thatcher_Ulrich,USA and Canada,4.0,https://www.goodreads.com/book/show/15594.A_Midwife_s_Tale,15594,"       A Midwife's Tale: The Life of Martha Ballard, Based on Her Diary, 1785-1812 ",History,Nonfiction,444,1990,Nonfiction,5
82111,Jill Bolte Taylor ,/author/show/82111.Jill_Bolte_Taylor,USA and Canada,3.87,https://www.goodreads.com/book/show/142292.My_Stroke_of_Insight,142292,       My Stroke of Insight: A Brain Scientist's Personal Journey ,Science,Science,188,2006,Nonfiction,7
5778057,Susannah Cahalan ,/author/show/5778057.Susannah_Cahalan,USA and Canada,4.03,https://www.goodreads.com/book/show/13547180-brain-on-fire,13547180,       Brain on Fire: My Month of Madness ,Biography & Autobiography,Autobiography,250,2012,Nonfiction,2
163327,Theresa Weir ,/author/show/163327.Theresa_Weir,USA and Canada,3.76,https://www.goodreads.com/book/show/10833756-the-orchard,10833756,       The Orchard ,Biography & Autobiography,Nonfiction,240,2011,Nonfiction,2
1043497,Sandra Beasley ,/author/show/1043497.Sandra_Beasley,USA and Canada,3.58,https://www.goodreads.com/book/show/9833965-don-t-kill-the-birthday-girl,9833965,       Don't Kill the Birthday Girl: Tales from an Allergic Life ,Biography & Autobiography,Nonfiction,229,2011,Nonfiction,2
18163,Jane Goodall ,/author/show/18163.Jane_Goodall,Europe,4.34,https://www.goodreads.com/book/show/135486.In_the_Shadow_of_Man,135486,       In the Shadow of Man ,Science,Science,297,1971,Nonfiction,7
6582,Antonia Fraser ,/author/show/6582.Antonia_Fraser,Europe,3.9,https://www.goodreads.com/book/show/17149.Love_and_Louis_XIV,17149,       Love and Louis XIV: The Women in the Life of the Sun King ,History,Nonfiction,388,2006,Nonfiction,5
769979,Åsne Seierstad ,/author/show/769979._sne_Seierstad,Europe,3.77,https://www.goodreads.com/book/show/9838.The_Bookseller_of_Kabul,9838,       The Bookseller of Kabul ,Biography & Autobiography,Autobiography,276,2002,Nonfiction,2
14851,Judith Thurman ,/author/show/14851.Judith_Thurman,Unknown,3.9,https://www.goodreads.com/book/show/89840.Secrets_of_the_Flesh,89840,       Secrets of the Flesh: A Life of Colette ,Biography & Autobiography,Nonfiction,660,1999,Nonfiction,2
7814,Nancy Milford ,/author/show/7814.Nancy_Milford,USA and Canada,3.94,https://www.goodreads.com/book/show/12334.Zelda,12334,       Zelda ,Biography & Autobiography,Nonfiction,426,1970,Nonfiction,2
16386,Kate Williams ,/author/show/16386.Kate_Williams,Europe,3.95,https://www.goodreads.com/book/show/2785115-becoming-queen,2785115,       Becoming Queen Victoria: The Tragic Death of Princess Charlotte and the Unexpected Rise of Britain's Greatest Monarch ,History,Biography,465,2008,Nonfiction,5
62012,Sheri Dew ,/author/show/62012.Sheri_Dew,USA and Canada,4.56,https://www.goodreads.com/book/show/596260.Go_Forward_with_Faith,596260,       Go Forward with Faith: The Biography of Gordon B. Hinckley ,Biography & Autobiography,Religion,653,1996,Nonfiction,2
6583,Alison Weir ,/author/show/6583.Alison_Weir,Europe,4.18,https://www.goodreads.com/book/show/10109.Henry_VIII,10109,       Henry VIII: The King and His Court ,History,Nonfiction,642,2001,Nonfiction,5
13421,Mary S. Lovell ,/author/show/13421.Mary_S_Lovell,Europe,3.97,https://www.goodreads.com/book/show/23856.The_Sisters,23856,       The Mitford Girls: The Biography of an Extraordinary Family ,Biography & Autobiography,Nonfiction,609,2001,Nonfiction,2
6938303,Bhagyalakshmi ,/author/show/6938303.Bhagyalakshmi,Asia,3.67,https://www.goodreads.com/book/show/17374118-swarabhedhangal,17374118,       സ്വരഭേദങ്ങൾ | Swarabhedhangal ,Biography & Autobiography,Nonfiction,192,2012,Nonfiction,2
9399,Jeanette Winterson ,/author/show/9399.Jeanette_Winterson,Europe,3.96,https://www.goodreads.com/book/show/11395597-why-be-happy-when-you-could-be-normal,11395597,       Why Be Happy When You Could Be Normal? ,Biography & Autobiography,Autobiography,230,2011,Nonfiction,2
14676611,Renee Hines ,/author/show/14676611.Renee_Hines,Unknown,4.35,https://www.goodreads.com/book/show/27834527-defeating-your-self-bully,27834527,       Defeating Your Self-Bully: A guide to stop beating yourself up and start building confidence for a life you deserve ,Self Help,Nonfiction,85,2015,Nonfiction,8
4175328,Glennon Doyle Melton ,/author/show/4175328.Glennon_Doyle_Melton,Unknown,4.08,https://www.goodreads.com/book/show/31845516-love-warrior,31845516,       Love Warrior ,Biography & Autobiography,Nonfiction,272,2016,Nonfiction,2
15683552,Lisa Hawkins ,/author/show/15683552.Lisa_Hawkins,USA and Canada,5.0,https://www.goodreads.com/book/show/40113250-christian-warrior-women,40113250,"       Christian Warrior Women: A Guide to Taking Back Your Faith, Family & Future (Christian Warrior Women Series Book 1) ",Religion & Spirituality,Religion,229,2018,Nonfiction,6
13583042,Katie Hess ,/author/show/13583042.Katie_Hess,Unknown,4.48,https://www.goodreads.com/book/show/28956867-flowerevolution,28956867,       Flowerevolution: Blooming into Your Full Potential with the Magic of Flowers ,Self Help,Nonfiction,416,2016,Nonfiction,8
15066147,Amelia Bert ,/author/show/15066147.Amelia_Bert,Unknown,4.36,https://www.goodreads.com/book/show/29534348-the-truth-of-all-that-is,29534348,       The Truth of All that Is: The Angel book to Enlightenment and Personal Transformation ,Religion & Spirituality,Nonfiction,278,2016,Nonfiction,6
8352,Joyce Meyer ,/author/show/8352.Joyce_Meyer,USA and Canada,4.34,https://www.goodreads.com/book/show/254389.Battlefield_Of_The_Mind,254389,       Battlefield of the Mind: Winning the Battle in Your Mind ,Religion & Spirituality,Nonfiction,288,1995,Nonfiction,6
14104736,Hope Jahren ,/author/show/14104736.Hope_Jahren,Unknown,4.03,https://www.goodreads.com/book/show/25733983-lab-girl,25733983,"       Lab Girl: A story of Trees, Science and Love ",Science,Science,304,2016,Nonfiction,7
69641,Jen Sincero ,/author/show/69641.Jen_Sincero,Unknown,3.99,https://www.goodreads.com/book/show/15843166-you-are-a-badass,15843166,       You Are a Badass: How to Stop Doubting Your Greatness and Start Living an Awesome Life ,Self Help,Nonfiction,244,2013,Nonfiction,8
4562105,Susan  Jeffers ,/author/show/4562105.Susan_Jeffers,Unknown,4.02,https://www.goodreads.com/book/show/653396.Feel_the_Fear_and_Do_It_Anyway,653396,       Feel the Fear and Do It Anyway ,Self Help,Nonfiction,240,1987,Nonfiction,8
162578,Brené Brown ,/author/show/162578.Bren_Brown,Unknown,4.26,https://www.goodreads.com/book/show/13588356-daring-greatly,13588356,"       Daring Greatly: How the Courage to Be Vulnerable Transforms the Way We Live, Love, Parent, and Lead ",Self Help,Self Help,287,2012,Nonfiction,8
384202,Sarah Rose ,/author/show/384202.Sarah_Rose,USA and Canada,3.74,https://www.goodreads.com/book/show/3081255-for-all-the-tea-in-china,3081255,"       For All the Tea in China: Espionage, Empire and the Secret Formula for the World's Favourite Drink ",History,Nonfiction,288,2009,Nonfiction,5
139532,Katherine Ashenburg ,/author/show/139532.Katherine_Ashenburg,Unknown,3.69,https://www.goodreads.com/book/show/2111775.The_Dirt_on_Clean,2111775,       The Dirt on Clean: An Unsanitized History ,History,History,368,2007,Nonfiction,5
247908,Bee Wilson ,/author/show/247908.Bee_Wilson,Europe,3.8,https://www.goodreads.com/book/show/13587130-consider-the-fork,13587130,       Consider the Fork: A History of How We Cook and Eat ,History,History,327,2012,Nonfiction,5
50840,Sophie D. Coe ,/author/show/50840.Sophie_D_Coe,Unknown,3.8,https://www.goodreads.com/book/show/88456.The_True_History_of_Chocolate,88456,       The True History of Chocolate ,History,Nonfiction,280,1996,Nonfiction,5
3901024,Amy Butler Greenfield ,/author/show/3901024.Amy_Butler_Greenfield,USA and Canada,3.88,https://www.goodreads.com/book/show/126293.A_Perfect_Red,126293,       A Perfect Red ,History,Nonfiction,352,2005,Nonfiction,5
19683,Karen Abbott ,/author/show/19683.Karen_Abbott,USA and Canada,3.62,https://www.goodreads.com/book/show/219780.Sin_in_the_Second_City,219780,"       Sin in the Second City: Madams, Ministers, Playboys, and the Battle for America's Soul ",History,History,356,2007,Nonfiction,5
23171,Catherine Drinker Bowen ,/author/show/23171.Catherine_Drinker_Bowen,USA and Canada,4.05,https://www.goodreads.com/book/show/101065.Miracle_at_Philadelphia,101065,"       Miracle at Philadelphia: The Story of the Constitutional Convention, May to September 1787 ",History,North American Hi...,346,1966,Nonfiction,5
101131,Amity Shlaes ,/author/show/101131.Amity_Shlaes,Unknown,3.91,https://www.goodreads.com/book/show/1289617.The_Forgotten_Man,1289617,       The Forgotten Man: A New History of the Great Depression ,History,Nonfiction,390,2007,Nonfiction,5
990148,Miley Cyrus ,/author/show/990148.Miley_Cyrus,USA and Canada,3.5,https://www.goodreads.com/book/show/6263078-miles-to-go,6263078,       Miles to Go ,Biography & Autobiography,Nonfiction,263,2009,Nonfiction,2
16121977,Tara Westover ,/author/show/16121977.Tara_Westover,Unknown,4.49,https://www.goodreads.com/book/show/35133922-educated,35133922,       Educated ,Biography & Autobiography,Autobiography,334,2018,Nonfiction,2
2792871,Stephanie Snowe ,/author/show/2792871.Stephanie_Snowe,USA and Canada,3.95,https://www.goodreads.com/book/show/6122851-meeting-mr-wrong,6122851,       Meeting Mr. Wrong: The Romantic Misadventures of a Southern Belle ,Biography & Autobiography,Humor,160,2009,Nonfiction,2
3098115,Susannah Charleson ,/author/show/3098115.Susannah_Charleson,USA and Canada,4.07,https://www.goodreads.com/book/show/6927061-scent-of-the-missing,6927061,       Scent of the Missing: Love and Partnership with a Search-and-Rescue Dog ,Animals,Animals,285,2007,Nonfiction,1
157036,Julie Klam ,/author/show/157036.Julie_Klam,Unknown,3.78,https://www.goodreads.com/book/show/7845926-you-had-me-at-woof,7845926,       You Had Me at Woof: How Dogs Taught Me the Secrets of Happiness ,Animals,Animals,228,2010,Nonfiction,1
2874371,Alexandra Horowitz ,/author/show/2874371.Alexandra_Horowitz,USA and Canada,3.57,https://www.goodreads.com/book/show/6332526-inside-of-a-dog,6332526,"       Inside of a Dog: What Dogs See, Smell, and Know ",Animals,Animals,353,2009,Nonfiction,1
8052,Pema Chödrön ,/author/show/8052.Pema_Ch_dr_n,USA and Canada,4.3,https://www.goodreads.com/book/show/687278.When_Things_Fall_Apart,687278,       When Things Fall Apart: Heart Advice for Difficult Times ,Religion & Spirituality,Religion,160,1996,Nonfiction,6
31944,Barbara Sher ,/author/show/31944.Barbara_Sher,Asia,4.05,https://www.goodreads.com/book/show/498904.Wishcraft,498904,       Wishcraft: How to Get What You Really Want ,Self Help,Nonfiction,272,1979,Nonfiction,8
41093,Shakti Gawain ,/author/show/41093.Shakti_Gawain,USA and Canada,4.14,https://www.goodreads.com/book/show/582533.Creative_Visualization,582533,       Creative Visualization: Use the Power of Your Imagination to Create What You Want in Your Life ,Self Help,Nonfiction,192,1978,Nonfiction,8
150588,Kate Millett ,/author/show/150588.Kate_Millett,USA and Canada,3.5,https://www.goodreads.com/book/show/372268.The_Loony_Bin_Trip,372268,       The Loony-Bin Trip ,Biography & Autobiography,Autobiography,320,1990,Nonfiction,2
26655,Elaine Showalter ,/author/show/26655.Elaine_Showalter,USA and Canada,4.13,https://www.goodreads.com/book/show/342823.The_Female_Malady,342823,"       The Female Malady:  Women, Madness and English Culture 1830-1980 ",History,History,308,1985,Nonfiction,5
926987,Terri Cheney ,/author/show/926987.Terri_Cheney,Unknown,3.78,https://www.goodreads.com/book/show/2359423.Manic,2359423,       Manic: A Memoir ,Biography & Autobiography,Nonfiction,256,2008,Nonfiction,2
90150,Carrie Fisher ,/author/show/90150.Carrie_Fisher,USA and Canada,3.77,https://www.goodreads.com/book/show/4961048-wishful-drinking,4961048,       Wishful Drinking ,Biography & Autobiography,Autobiography,163,2008,Nonfiction,2
1150547,Stephanie Palmer ,/author/show/1150547.Stephanie_Palmer,Unknown,3.79,https://www.goodreads.com/book/show/2607485-good-in-a-room,2607485,       Good in a Room: How to Sell Yourself (and Your Ideas) and Win Over Any Audience ,Self Help,Nonfiction,288,2008,Nonfiction,8
77193,Helen Prejean ,/author/show/77193.Helen_Prejean,USA and Canada,4.08,https://www.goodreads.com/book/show/133793.Dead_Man_Walking,133793,       Dead Man Walking: The Eyewitness Account of the Death Penalty That Sparked a National Debate ,Biography & Autobiography,Autobiography,288,1993,Nonfiction,2
222118,Jessica Valenti ,/author/show/222118.Jessica_Valenti,USA and Canada,3.86,https://www.goodreads.com/book/show/390778.Full_Frontal_Feminism,390778,       Full Frontal Feminism ,Feminism,Nonfiction,271,2007,Nonfiction,3
10697,bell hooks ,/author/show/10697.bell_hooks,USA and Canada,4.36,https://www.goodreads.com/book/show/51378.Feminist_Theory,51378,       Feminist Theory: From Margin to Center ,Feminism,Nonfiction,174,1984,Nonfiction,3
18486,Audre Lorde ,/author/show/18486.Audre_Lorde,USA and Canada,4.48,https://www.goodreads.com/book/show/32951.Sister_Outsider,32951,       Sister Outsider: Essays and Speeches ,Feminism,Nonfiction,190,1984,Nonfiction,3
54389,Fuchsia Dunlop ,/author/show/54389.Fuchsia_Dunlop,Europe,4.27,https://www.goodreads.com/book/show/94561.Land_of_Plenty,94561,       Land of Plenty: A Treasury of Authentic Sichuan Cooking ,Food and Drink,Food and Drink,400,2001,Nonfiction,4
2884275,Ree Drummond ,/author/show/2884275.Ree_Drummond,Unknown,4.13,https://www.goodreads.com/book/show/6361871-the-pioneer-woman-cooks,6361871,       The Pioneer Woman Cooks: Recipes from an Accidental Country Girl ,Food and Drink,Food and Drink,256,2008,Nonfiction,4
171379,Aviva Goldfarb ,/author/show/171379.Aviva_Goldfarb,USA and Canada,4.51,https://www.goodreads.com/book/show/25778002-the-six-o-clock-scramble-meal-planner,25778002,"       The Six O'Clock Scramble Meal Planner: A Year of Quick, Delicious Meals to Help You Prevent and Manage Diabetes ",Food and Drink,Food and Drink,431,2016,Nonfiction,4
92097,Marion Cunningham ,/author/show/92097.Marion_Cunningham,Unknown,4.13,https://www.goodreads.com/book/show/158935.The_Breakfast_Book,158935,       The Breakfast Book ,Food and Drink,Food and Drink,320,1997,Nonfiction,4
11713,Marcella Hazan ,/author/show/11713.Marcella_Hazan,Europe,4.36,https://www.goodreads.com/book/show/1369510.The_Classic_Italian_Cook_Book,1369510,       The Classic Italian Cook Book: The Art of Italian Cooking and the Italian Art of Eating ,Food and Drink,Food and Drink,483,1973,Nonfiction,4
21686,Nigella Lawson ,/author/show/21686.Nigella_Lawson,Europe,4.15,https://www.goodreads.com/book/show/39540.How_to_Eat,39540,       How to Eat: The Pleasures and Principles of Good Food ,Food and Drink,Food and Drink,496,1998,Nonfiction,4
295246,Doris Janzen Longacre ,/author/show/295246.Doris_Janzen_Longacre,USA and Canada,4.25,https://www.goodreads.com/book/show/925697.More_With_Less_Cookbook,925697,       More-With-Less Cookbook ,Food and Drink,Food and Drink,328,1976,Nonfiction,4
60435,Laurel Robertson ,/author/show/60435.Laurel_Robertson,Unknown,4.03,https://www.goodreads.com/book/show/104535.The_New_Laurel_s_Kitchen,104535,       The New Laurel's Kitchen ,Food and Drink,Food and Drink,512,1976,Nonfiction,4
2646,Rachael Ray ,/author/show/2646.Rachael_Ray,USA and Canada,3.67,https://www.goodreads.com/book/show/3882.Rachael_Ray_365,3882,       Rachael Ray 365: No Repeats: A Year of Deliciously Different Dinners ,Food and Drink,Food and Drink,326,2005,Nonfiction,4
38159,Paula H. Deen ,/author/show/38159.Paula_H_Deen,USA and Canada,4.15,https://www.goodreads.com/book/show/995876.The_Lady_Sons_Too_,995876,"       The Lady & Sons, Too!: A Whole New Batch of Recipes from Savannah ",Food and Drink,Food and Drink,272,2000,Nonfiction,4
2832,Julee Rosso ,/author/show/2832.Julee_Rosso,USA and Canada,3.99,https://www.goodreads.com/book/show/232888.The_New_Basics_Cookbook,232888,       The New Basics Cookbook ,Food and Drink,Food and Drink,864,1988,Nonfiction,4
792,Giada De Laurentiis ,/author/show/792.Giada_De_Laurentiis,Europe,3.96,https://www.goodreads.com/book/show/1191.Giada_s_Family_Dinners,1191,       Giada's Family Dinners ,Food and Drink,Food and Drink,256,2006,Nonfiction,4
1408429,M.F.K. Fisher ,/author/show/1408429.M_F_K_Fisher,USA and Canada,4.33,https://www.goodreads.com/book/show/94079.The_Art_of_Eating,94079,       The Art of Eating ,Food and Drink,Food and Drink,749,1954,Nonfiction,4
5662,Ruth Reichl ,/author/show/5662.Ruth_Reichl,USA and Canada,4.03,https://www.goodreads.com/book/show/53617.The_Gourmet_Cookbook,53617,       The Gourmet Cookbook: More than 1000 recipes ,Food and Drink,Food and Drink,1056,2004,Nonfiction,4
12090,Elizabeth David ,/author/show/12090.Elizabeth_David,Europe,4.24,https://www.goodreads.com/book/show/137599.French_Provincial_Cooking,137599,       French Provincial Cooking ,Food and Drink,Food and Drink,544,1960,Nonfiction,4
17693,Madhur Jaffrey ,/author/show/17693.Madhur_Jaffrey,Asia,4.09,https://www.goodreads.com/book/show/142849.Madhur_Jaffrey_s_World_Vegetarian,142849,       Madhur Jaffrey's World Vegetarian: More Than 650 Meatless Recipes from Around the World ,Food and Drink,Food and Drink,768,1998,Nonfiction,4
3465,Julia Child ,/author/show/3465.Julia_Child,USA and Canada,4.3,https://www.goodreads.com/book/show/132688.The_Way_to_Cook,132688,       The Way to Cook ,Food and Drink,Food and Drink,528,1989,Nonfiction,4
42861,Mollie Katzen ,/author/show/42861.Mollie_Katzen,USA and Canada,3.91,https://www.goodreads.com/book/show/178204.The_New_Enchanted_Broccoli_Forest,178204,       The New Enchanted Broccoli Forest (Mollie Katzen's Classic Cooking) ,Food and Drink,Food and Drink,320,1982,Nonfiction,4
2658,Ina Garten ,/author/show/2658.Ina_Garten,USA and Canada,4.15,https://www.goodreads.com/book/show/3895.The_Barefoot_Contessa_Cookbook,3895,       The Barefoot Contessa Cookbook ,Food and Drink,Food and Drink,256,1999,Nonfiction,4
2657,Martha Stewart ,/author/show/2657.Martha_Stewart,USA and Canada,3.94,https://www.goodreads.com/book/show/335459.Everyday_Food,335459,       Everyday Food: Great Food Fast ,Food and Drink,Food and Drink,384,2007,Nonfiction,4
126459,Claudia Roden ,/author/show/126459.Claudia_Roden,Africa,4.11,https://www.goodreads.com/book/show/394182.The_New_Book_of_Middle_Eastern_Food,394182,       The New Book of Middle Eastern Food ,Food and Drink,Food and Drink,528,1968,Nonfiction,4
88314,Alice Waters ,/author/show/88314.Alice_Waters,USA and Canada,4.02,https://www.goodreads.com/book/show/688663.The_Art_of_Simple_Food,688663,"       The Art of Simple Food: Notes, Lessons, and Recipes from a Delicious Revolution ",Food and Drink,Food and Drink,416,2007,Nonfiction,4
80131,Deborah Madison ,/author/show/80131.Deborah_Madison,USA and Canada,4.01,https://www.goodreads.com/book/show/141051.Vegetarian_Cooking_for_Everyone,141051,       Vegetarian Cooking for Everyone ,Food and Drink,Food and Drink,752,1997,Nonfiction,4
42697,Irma S. Rombauer ,/author/show/42697.Irma_S_Rombauer,USA and Canada,4.13,https://www.goodreads.com/book/show/327847.The_Joy_of_Cooking,327847,       The Joy of Cooking ,Food and Drink,Food and Drink,1152,1931,Nonfiction,4
47247,Janice Erlbaum ,/author/show/47247.Janice_Erlbaum,USA and Canada,3.71,https://www.goodreads.com/book/show/82676.Girlbomb,82676,       Girlbomb: A Halfway Homeless Memoir ,Biography & Autobiography,Nonfiction,252,2006,Nonfiction,2
99573,Mackenzie Phillips ,/author/show/99573.Mackenzie_Phillips,USA and Canada,3.73,https://www.goodreads.com/book/show/6791142-high-on-arrival,6791142,       High on Arrival ,Biography & Autobiography,Autobiography,292,2009,Nonfiction,2
4302108,Dina Kucera ,/author/show/4302108.Dina_Kucera,USA and Canada,3.82,https://www.goodreads.com/book/show/9146963-everything-i-never-wanted-to-be,9146963,       Everything I Never Wanted to Be ,Biography & Autobiography,Autobiography,218,2010,Nonfiction,2
14577,Jen Lancaster ,/author/show/14577.Jen_Lancaster,USA and Canada,3.91,https://www.goodreads.com/book/show/7090290-my-fair-lazy,7090290,"       My Fair Lazy: One Reality Television Addict's Attempt to Discover If Not Being A Dumb Ass Is the New Black, or, a Culture-Up Manifesto ",Biography & Autobiography,Nonfiction,384,2010,Nonfiction,2
7136914,Ann Patchett ,/author/show/7136914.Ann_Patchett,USA and Canada,3.94,https://www.goodreads.com/book/show/3686.Truth_and_Beauty,3686,       Truth and Beauty ,Biography & Autobiography,Nonfiction,257,2004,Nonfiction,2
8865,Mary Karr ,/author/show/8865.Mary_Karr,USA and Canada,3.9,https://www.goodreads.com/book/show/6340016-lit,6340016,       Lit ,Biography & Autobiography,Nonfiction,400,2009,Nonfiction,2
4640495,Carolyn Steele ,/author/show/4640495.Carolyn_Steele,Europe,4.14,https://www.goodreads.com/book/show/16163336-trucking-in-english,16163336,       Trucking in English ,Travel,Nonfiction,354,2012,Nonfiction,9
474991,Christiane F. ,/author/show/474991.Christiane_F_,Europe,4.18,https://www.goodreads.com/book/show/1337448.Wir_Kinder_vom_Bahnhof_Zoo,1337448,       Wir Kinder vom Bahnhof Zoo ,Biography & Autobiography,Biography,367,1978,Nonfiction,2
41895,Caroline Knapp ,/author/show/41895.Caroline_Knapp,USA and Canada,4.05,https://www.goodreads.com/book/show/73965.Drinking,73965,       Drinking: A Love Story ,Biography & Autobiography,Nonfiction,286,1996,Nonfiction,2
13421,Mary S. Lovell ,/author/show/13421.Mary_S_Lovell,Europe,4.11,https://www.goodreads.com/book/show/9578383-the-churchills,9578383,       The Churchills ,Biography & Autobiography,History,624,2011,Nonfiction,2
189368,Monica Dickens ,/author/show/189368.Monica_Dickens,Europe,3.84,https://www.goodreads.com/book/show/1304088.One_Pair_of_Hands,1304088,       One Pair of Hands ,Biography & Autobiography,Nonfiction,220,1939,Nonfiction,2
4812450,Emily Ansara Baines ,/author/show/4812450.Emily_Ansara_Baines,Unknown,3.75,https://www.goodreads.com/book/show/13624518-the-unofficial-downton-abbey-cookbook,13624518,       The Unofficial Downton Abbey Cookbook ,Food and Drink,Nonfiction,254,2012,Nonfiction,4
15500,Cheri Huber ,/author/show/15500.Cheri_Huber,Unknown,4.18,https://www.goodreads.com/book/show/27580.There_Is_Nothing_Wrong_with_You,27580,       There Is Nothing Wrong with You: Going Beyond Self-Hate ,Self Help,Nonfiction,239,1997,Nonfiction,8
522,Charlotte Joko Beck ,/author/show/522.Charlotte_Joko_Beck,USA and Canada,4.31,https://www.goodreads.com/book/show/551604.Nothing_Special,551604,       Nothing Special ,Religion & Spirituality,Buddhism,288,1993,Nonfiction,6
17208,Sharon Salzberg ,/author/show/17208.Sharon_Salzberg,USA and Canada,4.26,https://www.goodreads.com/book/show/38215.Lovingkindness,38215,       Lovingkindness: The Revolutionary Art of Happiness ,Religion & Spirituality,Spirituality,256,1995,Nonfiction,6
3008434,Deb Hosey White ,/author/show/3008434.Deb_Hosey_White,Unknown,3.72,https://www.goodreads.com/book/show/15822476-beyond-downton-abbey,15822476,       Beyond Downton Abbey ,History,Nonfiction,136,2012,Nonfiction,5
8052,Pema Chödrön ,/author/show/8052.Pema_Ch_dr_n,USA and Canada,4.36,https://www.goodreads.com/book/show/108829.Comfortable_with_Uncertainty,108829,       Comfortable with Uncertainty: 108 Teachings on Cultivating Fearlessness and Compassion ,Religion & Spirituality,Spirituality,222,2002,Nonfiction,6
6869945,Fiona Carnarvon ,/author/show/6869945.Fiona_Carnarvon,Europe,3.62,https://www.goodreads.com/book/show/12926432-lady-almina-and-the-real-downton-abbey,12926432,       Lady Almina and the Real Downton Abbey: The Lost Legacy of Highclere Castle ,History,History,310,2011,Nonfiction,5
101301,Tara Brach ,/author/show/101301.Tara_Brach,Unknown,4.24,https://www.goodreads.com/book/show/173666.Radical_Acceptance,173666,       Radical Acceptance: Embracing Your Life With the Heart of a Buddha ,Religion & Spirituality,Religion,333,2000,Nonfiction,6
1163390,Tori Spelling ,/author/show/1163390.Tori_Spelling,USA and Canada,3.61,https://www.goodreads.com/book/show/7096013-uncharted-territori,7096013,       Uncharted TerriTORI ,Biography & Autobiography,Autobiography,214,2010,Nonfiction,2
4958441,Kris Jenner ,/author/show/4958441.Kris_Jenner,USA and Canada,3.52,https://www.goodreads.com/book/show/12174691-kris-jenner-and-all-things-kardashian,12174691,       Kris Jenner . . . And All Things Kardashian ,Biography & Autobiography,Nonfiction,320,2011,Nonfiction,2
31107,Diana Preston ,/author/show/31107.Diana_Preston,Europe,4.0,https://www.goodreads.com/book/show/828180.Lusitania,828180,       Lusitania: An Epic Tragedy ,History,Nonfiction,544,2002,Nonfiction,5
8265649,Gerri Chanel ,/author/show/8265649.Gerri_Chanel,Unknown,3.99,https://www.goodreads.com/book/show/22307056-saving-mona-lisa,22307056,       Saving Mona Lisa: The Battle to Protect the Louvre and Its Treasures During World War II ,History,Nonfiction,344,2014,Nonfiction,5
128668,Ji-li Jiang ,/author/show/128668.Ji_li_Jiang,Asia,3.71,https://www.goodreads.com/book/show/413432.Red_Scarf_Girl,413432,       Red Scarf Girl ,Biography & Autobiography,Autobiography,285,1997,Nonfiction,2
7524066,Hong  Mei ,/author/show/7524066.Hong_Mei,Asia,4.38,https://www.goodreads.com/book/show/22308780-the-farther-i-walk-the-closer-i-get-to-me,22308780,"       走得越远,离自己越近 The Farther I Walk, The Closer I Get To Me ",Travel,Cultural,292,2014,Nonfiction,9
3878,Adeline Yen Mah ,/author/show/3878.Adeline_Yen_Mah,Asia,4.05,https://www.goodreads.com/book/show/82751.Chinese_Cinderella,82751,       Chinese Cinderella: The Secret Story of an Unwanted Daughter ,Biography & Autobiography,Autobiography,234,1999,Nonfiction,2
2684108,Candace Walsh ,/author/show/2684108.Candace_Walsh,USA and Canada,3.89,https://www.goodreads.com/book/show/13584698-licking-the-spoon,13584698,"       Licking the Spoon: A Memoir of Food, Family and Identity ",Biography & Autobiography,Food and Drink,318,2012,Nonfiction,2
8393796,Anupama Sharma ,/author/show/8393796.Anupama_Sharma,Unknown,4.2,https://www.goodreads.com/book/show/22748948-railonama,22748948,       Railonama ,Travel,Travel,240,2014,Nonfiction,9
34263,Mary Crow Dog ,/author/show/34263.Mary_Crow_Dog,USA and Canada,3.96,https://www.goodreads.com/book/show/60892.Lakota_Woman,60892,       Lakota Woman ,Biography & Autobiography,Autobiography,263,1990,Nonfiction,2
183852,Laura Miller ,/author/show/183852.Laura_Miller,USA and Canada,3.79,https://www.goodreads.com/book/show/3790544-the-magician-s-book,3790544,       The Magician's Book: A Skeptic's Adventures in Narnia ,Writing,Writing,311,2008,Nonfiction,10
79576,Gerina Dunwich ,/author/show/79576.Gerina_Dunwich,USA and Canada,3.84,https://www.goodreads.com/book/show/174814.The_Pagan_Book_of_Halloween,174814,"       The Pagan Book of Halloween: A Complete Guide to the Magick, Incantations, Recipes, Spells, and Lore ",Religion & Spirituality,Religion,189,2000,Nonfiction,6
48222,Silver RavenWolf ,/author/show/48222.Silver_RavenWolf,USA and Canada,3.93,https://www.goodreads.com/book/show/84235.Halloween_,84235,       Halloween! ,Religion & Spirituality,Religion,209,1999,Nonfiction,6
55603,Suzanne Strempek Shea ,/author/show/55603.Suzanne_Strempek_Shea,USA and Canada,3.54,https://www.goodreads.com/book/show/96677.Shelf_Life,96677,"       Shelf Life: Romance, Mystery, Drama, and Other Page-Turning Adventures from a Year in a Book store ",Writing,Nonfiction,232,2004,Nonfiction,10
769979,Åsne Seierstad ,/author/show/769979._sne_Seierstad,Europe,3.77,https://www.goodreads.com/book/show/9838.The_Bookseller_of_Kabul,9838,       The Bookseller of Kabul ,Biography & Autobiography,Autobiography,288,2002,Nonfiction,2
16010461,Lisa A. Baeringer ,/author/show/16010461.Lisa_A_Baeringer,USA and Canada,4.5,https://www.goodreads.com/book/show/32622539-bet-you-didn-t-think-ms-could-look-this-good,32622539,       Bet You Didn't Think MS Could Look This Good: The Ramblings of a Medicated Mind ,Biography & Autobiography,Biography,240,2016,Nonfiction,2
375488,Virginia Nicholson ,/author/show/375488.Virginia_Nicholson,Europe,3.78,https://www.goodreads.com/book/show/1096582.Singled_Out,1096582,       Singled Out: How Two Million Women Survived Without Men After the First World War ,History,Nonfiction,312,2006,Nonfiction,5
6366,Margaret MacMillan ,/author/show/6366.Margaret_MacMillan,USA and Canada,4.22,https://www.goodreads.com/book/show/17345257-the-war-that-ended-peace,17345257,       The War That Ended Peace: The Road to 1914 ,History,Nonfiction,739,2013,Nonfiction,5
213527,Vera Brittain ,/author/show/213527.Vera_Brittain,Europe,4.17,https://www.goodreads.com/book/show/374388.Testament_of_Youth,374388,       Testament of Youth ,History,History,688,1933,Nonfiction,5
10074395,Tanya Burr ,/author/show/10074395.Tanya_Burr,Europe,4.36,https://www.goodreads.com/book/show/28208143-tanya-bakes,28208143,       Tanya Bakes ,Food and Drink,Nonfiction,256,2016,Nonfiction,4
7276000,Hannah Hart ,/author/show/7276000.Hannah_Hart,USA and Canada,4.27,https://www.goodreads.com/book/show/28217831-buffering,28217831,       Buffering: Unshared Tales of a Life Fully Loaded ,Biography & Autobiography,Autobiography,272,2016,Nonfiction,2
14472017,Lilly Singh ,/author/show/14472017.Lilly_Singh,USA and Canada,4.09,https://www.goodreads.com/book/show/31202835-how-to-be-a-bawse,31202835,       How to Be a Bawse: A Guide to Conquering Life ,Self Help,Self Help,315,2017,Nonfiction,8
1010543,Amanda Palmer ,/author/show/1010543.Amanda_Palmer,USA and Canada,3.98,https://www.goodreads.com/book/show/20980987-the-art-of-asking-or-how-i-learned-to-stop-worrying-and-let-people-hel,20980987,"       The Art of Asking; or, How I Learned to Stop Worrying and Let People Help ",Biography & Autobiography,Autobiography,339,2014,Nonfiction,2
22089,Ann Bausum ,/author/show/22089.Ann_Bausum,USA and Canada,3.83,https://www.goodreads.com/book/show/23281749-stonewall,23281749,       Stonewall: Breaking Out in the Fight for Gay Rights ,History,History,128,2015,Nonfiction,5
165150,Kate Schatz ,/author/show/165150.Kate_Schatz,USA and Canada,4.45,https://www.goodreads.com/book/show/23129944-rad-american-women-a-z,23129944,"       Rad American Women A-Z: Rebels, Trailblazers, and Visionaries who Shaped Our History . . . and Our Future! ",Feminism,Feminism,64,2015,Nonfiction,3
470871,Sarah Morgan Dawson ,/author/show/470871.Sarah_Morgan_Dawson,USA and Canada,3.88,https://www.goodreads.com/book/show/130602.Sarah_Morgan,130602,       Sarah Morgan: The Civil War Diary Of A Southern Woman ,History,Military History,672,1991,Nonfiction,5
19683,Karen Abbott ,/author/show/19683.Karen_Abbott,USA and Canada,3.76,https://www.goodreads.com/book/show/18679391-liar-temptress-soldier-spy,18679391,"       Liar, Temptress, Soldier, Spy: Four Women Undercover in the Civil War ",History,History,513,2014,Nonfiction,5
162578,Brené Brown ,/author/show/162578.Bren_Brown,Unknown,4.23,https://www.goodreads.com/book/show/23317538-rising-strong,23317538,       Rising Strong ,Self Help,Self Help,336,2015,Nonfiction,8
3440476,Felicia Day ,/author/show/3440476.Felicia_Day,USA and Canada,4.13,https://www.goodreads.com/book/show/23705512-you-re-never-weird-on-the-internet,23705512,       You're Never Weird on the Internet (Almost) ,Biography & Autobiography,Autobiography,272,2015,Nonfiction,2
194416,Mindy Kaling ,/author/show/194416.Mindy_Kaling,USA and Canada,3.9,https://www.goodreads.com/book/show/30268522-why-not-me,30268522,       Why Not Me? ,Biography & Autobiography,Autobiography,228,2015,Nonfiction,2
320930,Toni Maguire ,/author/show/320930.Toni_Maguire,Unknown,4.04,https://www.goodreads.com/book/show/589118.Don_t_Tell_Mummy,589118,       Don’t Tell Mummy: A True Story of the Ultimate Betrayal ,Biography & Autobiography,Biography,352,2006,Nonfiction,2
2911935,Torey L. Hayden ,/author/show/2911935.Torey_L_Hayden,USA and Canada,4.22,https://www.goodreads.com/book/show/106022.Beautiful_Child,106022,       Beautiful Child ,Biography & Autobiography,Autobiography,385,2002,Nonfiction,2
60394,Kathleen Norris ,/author/show/60394.Kathleen_Norris,USA and Canada,4.08,https://www.goodreads.com/book/show/108681.The_Cloister_Walk,108681,       The Cloister Walk ,Biography & Autobiography,Autobiography,385,1996,Nonfiction,2
3518,Oprah Winfrey ,/author/show/3518.Oprah_Winfrey,USA and Canada,3.99,https://www.goodreads.com/book/show/33080.Journey_to_Beloved,33080,       Journey to Beloved ,Biography & Autobiography,See top shelves…,165,1998,Nonfiction,2
6376,Starhawk ,/author/show/6376.Starhawk,USA and Canada,4.05,https://www.goodreads.com/book/show/73869.The_Spiral_Dance,73869,       The Spiral Dance: A Rebirth of the Ancient Religion of the Great Goddess ,Religion & Spirituality,Nonfiction,326,1979,Nonfiction,6
30278,Esther Hicks ,/author/show/30278.Esther_Hicks,USA and Canada,4.19,https://www.goodreads.com/book/show/244383.Ask_and_It_Is_Given,244383,       Ask and It Is Given: Learning to Manifest Your Desires ,Religion & Spirituality,Self Help,314,2004,Nonfiction,6
7113,Anne Lamott ,/author/show/7113.Anne_Lamott,USA and Canada,4.06,https://www.goodreads.com/book/show/12535.Plan_B,12535,       Plan B: Further Thoughts on Faith ,Biography & Autobiography,Autobiography,352,2004,Nonfiction,2
17295,Merlin Stone ,/author/show/17295.Merlin_Stone,USA and Canada,4.03,https://www.goodreads.com/book/show/30858.When_God_Was_a_Woman,30858,       When God Was a Woman ,Feminism,Feminism,320,1976,Nonfiction,3
16174,Jane Roberts ,/author/show/16174.Jane_Roberts,USA and Canada,4.57,https://www.goodreads.com/book/show/312650.The_Individual_and_the_Nature_of_Mass_Events,312650,       The Individual and the Nature of Mass Events: A Seth Book ,Religion & Spirituality,Nonfiction,336,1982,Nonfiction,6
69414,Jenni Schaefer ,/author/show/69414.Jenni_Schaefer,USA and Canada,4.08,https://www.goodreads.com/book/show/6515263-goodbye-ed-hello-me,6515263,"       Goodbye Ed, Hello Me: Recover from Your Eating Disorder and Fall in Love with Life ",Self Help,Nonfiction,214,2009,Nonfiction,8
41895,Caroline Knapp ,/author/show/41895.Caroline_Knapp,USA and Canada,4.02,https://www.goodreads.com/book/show/312518.Appetites,312518,       Appetites: Why Women Want ,Biography & Autobiography,Autobiography,224,2003,Nonfiction,2
87050,Joan Jacobs Brumberg ,/author/show/87050.Joan_Jacobs_Brumberg,Unknown,3.78,https://www.goodreads.com/book/show/414167.Fasting_Girls,414167,       Fasting Girls: The History of Anorexia Nervosa ,History,History,400,1988,Nonfiction,5
2789720,Nicole J. Johns ,/author/show/2789720.Nicole_J_Johns,Unknown,3.78,https://www.goodreads.com/book/show/6114974-purge,6114974,       Purge: Rehab Diaries ,Biography & Autobiography,Nonfiction,288,2009,Nonfiction,2
201386,Lori Gottlieb ,/author/show/201386.Lori_Gottlieb,Unknown,3.67,https://www.goodreads.com/book/show/376127.Stick_Figure,376127,       Stick Figure ,Biography & Autobiography,Nonfiction,240,1998,Nonfiction,2
18250,Trixie Koontz ,/author/show/18250.Trixie_Koontz,Unknown,4.24,https://www.goodreads.com/book/show/2880984-bliss-to-you,2880984,       Bliss to You: Trixie's Guide to a Happy Life ,Animals,Animals,158,2008,Nonfiction,1
29655,Rhonda Byrne ,/author/show/29655.Rhonda_Byrne,Oceania,4.05,https://www.goodreads.com/book/show/18280703-hero,18280703,       Hero ,Self Help,Nonfiction,245,2013,Nonfiction,8
13846469,Rachel McGrath ,/author/show/13846469.Rachel_McGrath,Oceania,4.58,https://www.goodreads.com/book/show/25400927-finding-the-rainbow,25400927,       Finding the Rainbow ,Biography & Autobiography,Nonfiction,175,2015,Nonfiction,2
10418,Beth Moore ,/author/show/10418.Beth_Moore,Unknown,4.43,https://www.goodreads.com/book/show/441618.Breaking_Free,441618,       Breaking Free: Discover the Victory of Total Surrender ,Religion & Spirituality,Nonfiction,304,1999,Nonfiction,6
1856035,Mada Eliza Dalian ,/author/show/1856035.Mada_Eliza_Dalian,Unknown,4.31,https://www.goodreads.com/book/show/4443469-in-search-of-the-miraculous,4443469,       In Search of the Miraculous ,Self Help,See top shelves…,278,2008,Nonfiction,8
3165930,"Shalonda ""Treasure"" Williams-McClendon ",/author/show/3165930.Shalonda_Treasure_Williams_McClendon,USA and Canada,4.38,https://www.goodreads.com/book/show/7130229-a-heart-s-thoughts,7130229,       A Heart's Thoughts: Love Walk Meditations Series ,Self Help,Spirituality,104,2009,Nonfiction,8
63879,Shirley MacLaine ,/author/show/63879.Shirley_MacLaine,USA and Canada,3.99,https://www.goodreads.com/book/show/432316.Going_Within,432316,       Going Within: A Guide for Inner Transformation ,Self Help,Self Help,352,1989,Nonfiction,8
13839926,Tracy J.  Thomas ,/author/show/13839926.Tracy_J_Thomas,Unknown,4.03,https://www.goodreads.com/book/show/25381851-zen-in-the-garden,25381851,       Zen in the Garden: Finding Peace and Healing Through Nature ,Self Help,Nonfiction,56,2015,Nonfiction,8
108391,Diane Stein ,/author/show/108391.Diane_Stein,USA and Canada,4.25,https://www.goodreads.com/book/show/186007.Essential_Reiki,186007,       Essential Reiki: A Complete Guide to an Ancient Healing Art ,Religion & Spirituality,Nonfiction,156,1995,Nonfiction,6
5759858,Jennifer O'Neill ,/author/show/5759858.Jennifer_O_Neill,Unknown,3.72,https://www.goodreads.com/book/show/13643979-soul-dna,13643979,       Soul DNA: Your Spiritual Genetic Code Defines Your Purpose ,Self Help,Self Help,154,2010,Nonfiction,8
7341478,Gwendolyn M. Plano ,/author/show/7341478.Gwendolyn_M_Plano,USA and Canada,4.64,https://www.goodreads.com/book/show/18669241-letting-go-into-perfect-love,18669241,       Letting Go into Perfect Love: Discovering the Extraordinary After Abuse ,Biography & Autobiography,Autobiography,256,2014,Nonfiction,2
11236,Caroline Myss ,/author/show/11236.Caroline_Myss,USA and Canada,3.99,https://www.goodreads.com/book/show/190115.Sacred_Contracts,190115,       Sacred Contracts: Awakening Your Divine Potential ,Religion & Spirituality,Nonfiction,464,2001,Nonfiction,6
143643,Bettany Hughes ,/author/show/143643.Bettany_Hughes,Europe,4.11,https://www.goodreads.com/book/show/661197.Helen_of_Troy,661197,"       Helen of Troy: Goddess, Princess, Whore ",History,Nonfiction,496,2005,Nonfiction,5
41093,Shakti Gawain ,/author/show/41093.Shakti_Gawain,USA and Canada,4.2,https://www.goodreads.com/book/show/336734.Living_in_the_Light,336734,       Living in the Light: A Guide to Personal and Planetary Transformation  ,Religion & Spirituality,Self Help,224,1985,Nonfiction,6
3495853,Sarah Ban Breathnach ,/author/show/3495853.Sarah_Ban_Breathnach,Unknown,3.98,https://www.goodreads.com/book/show/748862.Simple_Abundance,748862,       Simple Abundance:  A Daybook of Comfort and Joy ,Self Help,Self Help,528,1995,Nonfiction,8
6374,Byron Katie ,/author/show/6374.Byron_Katie,USA and Canada,4.15,https://www.goodreads.com/book/show/9762.Loving_What_Is,9762,       Loving What Is: Four Questions That Can Change Your Life ,Self Help,Nonfiction,352,2002,Nonfiction,8
12261,Brenda Wineapple ,/author/show/12261.Brenda_Wineapple,USA and Canada,3.93,https://www.goodreads.com/book/show/16247974-ecstatic-nation,16247974,"       Ecstatic Nation: Confidence, Crisis, and Compromise, 1848-1877 ",History,Nonfiction,736,2013,Nonfiction,5
145512,Lynne Olson ,/author/show/145512.Lynne_Olson,USA and Canada,4.13,https://www.goodreads.com/book/show/41021293-those-angry-days,41021293,"       Those Angry Days: Roosevelt, Lindbergh, and America's Fight Over World War II, 1939-1941 ",History,Nonfiction,576,2013,Nonfiction,5
15811,Rebecca Solnit ,/author/show/15811.Rebecca_Solnit,USA and Canada,4.19,https://www.goodreads.com/book/show/16158561-the-faraway-nearby,16158561,       The Faraway Nearby ,Writing,Writing,259,2013,Nonfiction,10
6450261,Sonali Deraniyagala ,/author/show/6450261.Sonali_Deraniyagala,Unknown,3.72,https://www.goodreads.com/book/show/15771862-wave,15771862,       Wave ,Biography & Autobiography,Autobiography,274,2013,Nonfiction,2
7956,Mary Roach ,/author/show/7956.Mary_Roach,USA and Canada,3.58,https://www.goodreads.com/book/show/14990.Spook,14990,       Spook: Science Tackles the Afterlife ,Science,Science,311,2005,Nonfiction,7
8424949,Jazz Jennings ,/author/show/8424949.Jazz_Jennings,USA and Canada,3.89,https://www.goodreads.com/book/show/28698224-being-jazz,28698224,       Being Jazz: My Life as a (Transgender) Teen ,Biography & Autobiography,Autobiography,272,2016,Nonfiction,2
2522,Zadie Smith ,/author/show/2522.Zadie_Smith,Europe,3.83,https://www.goodreads.com/book/show/6425404-changing-my-mind,6425404,       Changing My Mind: Occasional Essays ,Writing,Nonfiction,320,2009,Nonfiction,10
117157,Pauline Maier ,/author/show/117157.Pauline_Maier,USA and Canada,4.08,https://www.goodreads.com/book/show/7841680-ratification,7841680,"       Ratification: The People Debate the Constitution, 1787-1788 ",History,North American Hi...,608,2010,Nonfiction,5
157036,Julie Klam ,/author/show/157036.Julie_Klam,Unknown,3.85,https://www.goodreads.com/book/show/11129765-love-at-first-bark,11129765,       Love at First Bark: How Saving a Dog Can Sometimes Help You Save Yourself ,Animals,Animals,170,2011,Nonfiction,1
242592,Joan Schenkar ,/author/show/242592.Joan_Schenkar,USA and Canada,3.66,https://www.goodreads.com/book/show/6424007-the-talented-miss-highsmith,6424007,       The Talented Miss Highsmith: The Secret Life and Serious Art of Patricia Highsmith ,Biography & Autobiography,Nonfiction,704,2009,Nonfiction,2
118313,Hilary Spurling ,/author/show/118313.Hilary_Spurling,Europe,3.8,https://www.goodreads.com/book/show/7927372-pearl-buck-in-china,7927372,       Pearl Buck in China: Journey to the Good Earth ,Biography & Autobiography,History,304,2010,Nonfiction,2
4499919,Jen Wylie ,/author/show/4499919.Jen_Wylie,USA and Canada,4.07,https://www.goodreads.com/book/show/17800679-broken-aro,17800679,       Broken Aro ,Self Help,Young Adult,265,2012,Nonfiction,8
11785,Stormie Omartian ,/author/show/11785.Stormie_Omartian,USA and Canada,4.13,https://www.goodreads.com/book/show/20829260-choose-love,20829260,       Choose Love: The Three Simple Choices That Will Alter the Course of Your Life ,Religion & Spirituality,Christian,272,2014,Nonfiction,6
27692,Nancy R. Pearcey ,/author/show/27692.Nancy_R_Pearcey,USA and Canada,4.23,https://www.goodreads.com/book/show/63827.Total_Truth,63827,       Total Truth: Liberating Christianity from its Cultural Captivity ,Religion & Spirituality,Christian,511,2004,Nonfiction,6
7160450,Claire Wingfield ,/author/show/7160450.Claire_Wingfield,Europe,4.71,https://www.goodreads.com/book/show/34052569-52-dates-for-writers,34052569,"       52 Dates for Writers - Ride a Tandem, Assume an Alias, and 50 Other Ways to Improve Your Novel Draft ",Writing,Nonfiction,123,2013,Nonfiction,10
1402383,Elizabeth  George ,/author/show/1402383.Elizabeth_George,USA and Canada,3.92,https://www.goodreads.com/book/show/116685.Write_Away,116685,       Write Away: One Novelist's Approach to Fiction and the Writing Life ,Writing,Nonfiction,288,2004,Nonfiction,10
7973,Eudora Welty ,/author/show/7973.Eudora_Welty,USA and Canada,4.06,https://www.goodreads.com/book/show/12586.The_Eye_of_the_Story,12586,       The Eye of the Story: Selected Essays and Reviews ,Writing,Nonfiction,368,1978,Nonfiction,10
103706,Laurie Lisle ,/author/show/103706.Laurie_Lisle,USA and Canada,4.1,https://www.goodreads.com/book/show/355904.Portrait_of_an_Artist,355904,       Portrait of an Artist: A Biography of Georgia O'Keeffe ,Biography & Autobiography,Biography,408,1980,Nonfiction,2
82111,Jill Bolte Taylor ,/author/show/82111.Jill_Bolte_Taylor,USA and Canada,3.87,https://www.goodreads.com/book/show/142292.My_Stroke_of_Insight,142292,       My Stroke of Insight: A Brain Scientist's Personal Journey ,Science,Science,184,2006,Nonfiction,7
7622,Patricia Highsmith ,/author/show/7622.Patricia_Highsmith,USA and Canada,3.68,https://www.goodreads.com/book/show/572046.Plotting_and_Writing_Suspense_Fiction,572046,       Plotting and Writing Suspense Fiction   ,Writing,Nonfiction,160,1966,Nonfiction,10
117227,Keri Smith ,/author/show/117227.Keri_Smith,USA and Canada,4.16,https://www.goodreads.com/book/show/428862.Wreck_This_Journal,428862,       Wreck This Journal ,Writing,Art,192,2007,Nonfiction,10
13544944,Nataša Nuit Pantović ,/author/show/13544944.Nata_a_Nuit_Pantovi_,Europe,4.76,https://www.goodreads.com/book/show/25609206-mindful-being,25609206,"       Mindful Being (Alchemy of Love Mindfulness Training, #4) ",Religion & Spirituality,Self Help,187,2014,Nonfiction,6
13323,Diana Pavlac Glyer ,/author/show/13323.Diana_Pavlac_Glyer,USA and Canada,4.22,https://www.goodreads.com/book/show/26168976-bandersnatch,26168976,"       Bandersnatch: C.S. Lewis, J.R.R. Tolkien and the Creative Collaboration of the Inklings ",Writing,Language,192,2016,Nonfiction,10
4114862,S.A.R.K. ,/author/show/4114862.S_A_R_K_,Unknown,3.98,https://www.goodreads.com/book/show/164862.Creative_Companion,164862,       Creative Companion: How to Free Your Creative Spirit ,Self Help,Self Help,80,1991,Nonfiction,8
4519247,Livia Blackburne ,/author/show/4519247.Livia_Blackburne,Unknown,4.11,https://www.goodreads.com/book/show/9948860-from-words-to-brain,9948860,       From Words to Brain ,Writing,Language,100,2010,Nonfiction,10
40574,Carolyn See ,/author/show/40574.Carolyn_See,USA and Canada,3.97,https://www.goodreads.com/book/show/71828.Making_a_Literary_Life,71828,       Making a Literary Life: Advice for Writers and Other Dreamers ,Writing,Nonfiction,288,2002,Nonfiction,10
5209,Annie Dillard ,/author/show/5209.Annie_Dillard,USA and Canada,4.02,https://www.goodreads.com/book/show/12530.The_Writing_Life,12530,       The Writing Life ,Writing,Nonfiction,113,1989,Nonfiction,10
4602925,Lorii Myers ,/author/show/4602925.Lorii_Myers,USA and Canada,4.08,https://www.goodreads.com/book/show/12964250-targeting-success-develop-the-right-business-attitude-to-be-successful,12964250,"       Targeting Success, Develop the Right Business Attitude to be Successful in the Workplace ",Self Help,Self Help,244,2011,Nonfiction,8
7062017,Ed Gaydos ,/author/show/7062017.Ed_Gaydos,USA and Canada,4.23,https://www.goodreads.com/book/show/17843498-seven-in-a-jeep,17843498,       Seven in a Jeep ,Biography & Autobiography,Biography,332,2013,Nonfiction,2
137534,Kerry Madden ,/author/show/137534.Kerry_Madden,USA and Canada,4.0,https://www.goodreads.com/book/show/5980771-harper-lee,5980771,       Harper Lee ,Biography & Autobiography,Nonfiction,224,2009,Nonfiction,2
127669,Ghada Karmi ,/author/show/127669.Ghada_Karmi,Unknown,3.78,https://www.goodreads.com/book/show/999412.Married_to_Another_Man,999412,       Married to Another Man: Israel's Dilemma in Palestine ,History,Politics,315,2007,Nonfiction,5
46245,Ayaan Hirsi Ali ,/author/show/46245.Ayaan_Hirsi_Ali,Africa,3.92,https://www.goodreads.com/book/show/6663818-nomad,6663818,       Nomad: From Islam to America: A Personal Journey Through the Clash of Civilizations ,Biography & Autobiography,Biography,277,2010,Nonfiction,2
223411,Golda Meir ,/author/show/223411.Golda_Meir,Europe,3.94,https://www.goodreads.com/book/show/999422.My_Life,999422,       My Life ,History,Nonfiction,480,1975,Nonfiction,5
122999,Amira Hass ,/author/show/122999.Amira_Hass,Asia,4.12,https://www.goodreads.com/book/show/210062.Drinking_the_Sea_at_Gaza,210062,       Drinking the Sea at Gaza: Days and Nights in a Land Under Siege ,History,History,400,1999,Nonfiction,5
95897,Suad Amiry ,/author/show/95897.Suad_Amiry,Asia,3.81,https://www.goodreads.com/book/show/455854.Sharon_and_My_Mother_in_Law,455854,       Sharon and My Mother-in-Law: Ramallah Diaries ,Biography & Autobiography,Autobiography,224,2003,Nonfiction,2
27420,Livia E. Bitton-Jackson ,/author/show/27420.Livia_E_Bitton_Jackson,Europe,4.15,https://www.goodreads.com/book/show/48834.I_Have_Lived_a_Thousand_Years,48834,       I Have Lived a Thousand Years ,History,Nonfiction,224,1997,Nonfiction,5
13893,Tristan Taormino ,/author/show/13893.Tristan_Taormino,Asia,4.05,https://www.goodreads.com/book/show/13592074-the-feminist-porn-book,13592074,       The Feminist Porn Book: The Politics of Producing Pleasure ,Feminism,Nonfiction,432,2012,Nonfiction,3
4719213,Laurie Penny ,/author/show/4719213.Laurie_Penny,Europe,4.04,https://www.goodreads.com/book/show/20613624-unspeakable-things,20613624,"       Unspeakable Things: Sex, Lies and Revolution ",Feminism,Feminism,267,2014,Nonfiction,3
3960446,Irin Carmon ,/author/show/3960446.Irin_Carmon,Asia,4.23,https://www.goodreads.com/book/show/25422234-notorious-rbg,25422234,       Notorious RBG: The Life and Times of Ruth Bader Ginsburg ,Biography & Autobiography,Biography,240,2015,Nonfiction,2
222118,Jessica Valenti ,/author/show/222118.Jessica_Valenti,USA and Canada,4.07,https://www.goodreads.com/book/show/4914761-the-purity-myth,4914761,       The Purity Myth: How America's Obsession with Virginity is Hurting Young Women ,Feminism,Nonfiction,263,2009,Nonfiction,3
33478,Jonathan Eig ,/author/show/33478.Jonathan_Eig,USA and Canada,3.99,https://www.goodreads.com/book/show/25622271-the-birth-of-the-pill,25622271,       The Birth of the Pill ,History,History,388,2014,Nonfiction,5
5213272,Laura Barcella ,/author/show/5213272.Laura_Barcella,USA and Canada,3.99,https://www.goodreads.com/book/show/23845789-fight-like-a-girl,23845789,       Fight Like a Girl: 50 Feminists Who Changed the World ,Feminism,Nonfiction,224,2016,Nonfiction,3
6953230,Linda Rodríguez McRobbie ,/author/show/6953230.Linda_Rodr_guez_McRobbie,USA and Canada,3.62,https://www.goodreads.com/book/show/17412780-princesses-behaving-badly,17412780,       Princesses Behaving Badly: Real Stories from History—without the Fairy-Tale Endings ,History,History,303,2013,Nonfiction,5
70695,Lee Maracle ,/author/show/70695.Lee_Maracle,USA and Canada,4.32,https://www.goodreads.com/book/show/505644.I_Am_Woman,505644,       I Am Woman: A Native Perspective on Sociology and Feminism ,Feminism,Nonfiction,146,1988,Nonfiction,3
57108,Gloria Steinem ,/author/show/57108.Gloria_Steinem,USA and Canada,4.08,https://www.goodreads.com/book/show/15451058-my-life-on-the-road,15451058,       My Life on the Road ,Feminism,Feminism,276,2015,Nonfiction,3
21798,Betty Friedan ,/author/show/21798.Betty_Friedan,USA and Canada,3.87,https://www.goodreads.com/book/show/17573685-the-feminine-mystique,17573685,       The Feminine Mystique ,Feminism,Nonfiction,364,1963,Nonfiction,3
204893,Cordelia Fine ,/author/show/204893.Cordelia_Fine,USA and Canada,4.17,https://www.goodreads.com/book/show/8031168-delusions-of-gender,8031168,"       Delusions of Gender: How Our Minds, Society, and Neurosexism Create Difference ",Feminism,Nonfiction,338,2005,Nonfiction,3
5388148,Janet Mock ,/author/show/5388148.Janet_Mock,Unknown,4.32,https://www.goodreads.com/book/show/18144031-redefining-realness,18144031,"       Redefining Realness: My Path to Womanhood, Identity, Love & So Much More ",Biography & Autobiography,Autobiography,263,2014,Nonfiction,2
3098115,Susannah Charleson ,/author/show/3098115.Susannah_Charleson,USA and Canada,4.17,https://www.goodreads.com/book/show/15814445-the-possibility-dogs,15814445,"       The Possibility Dogs: What a Handful of ""Unadoptables"" Taught Me About Service, Hope, and Healing ",Animals,Animals,260,2013,Nonfiction,1
69415,Melissa Fay Greene ,/author/show/69415.Melissa_Fay_Greene,USA and Canada,4.19,https://www.goodreads.com/book/show/26156408-the-underdogs,26156408,       The Underdogs ,Animals,Animals,352,2016,Nonfiction,1
13091,Jan Morris ,/author/show/13091.Jan_Morris,Europe,3.99,https://www.goodreads.com/book/show/61043.Trieste_and_The_Meaning_of_Nowhere,61043,       Trieste and The Meaning of Nowhere ,Travel,Nonfiction,208,2001,Nonfiction,9
2995242,Isabella L. Bird ,/author/show/2995242.Isabella_L_Bird,Europe,3.96,https://www.goodreads.com/book/show/852885.A_Lady_s_Life_in_the_Rocky_Mountains,852885,       A Lady's Life in the Rocky Mountains ,Travel,Travel,282,1879,Nonfiction,9
63670,Dervla Murphy ,/author/show/63670.Dervla_Murphy,Europe,4.05,https://www.goodreads.com/book/show/163921.Full_Tilt,163921,       Full Tilt: Ireland to India with a Bicycle ,Travel,Nonfiction,256,1965,Nonfiction,9
142353,Sara Wheeler ,/author/show/142353.Sara_Wheeler,Europe,3.85,https://www.goodreads.com/book/show/395112.Terra_Incognita,395112,       Terra Incognita: Travels in Antarctica ,Travel,Nonfiction,384,1996,Nonfiction,9
6433789,"Rosemary ""Mamie"" Adkins ",/author/show/6433789.Rosemary_Mamie_Adkins,USA and Canada,4.65,https://www.goodreads.com/book/show/15731812-extraordinary-dreams-of-an-ireland-traveler,15731812,       Extraordinary Dreams of an Ireland Traveler ,Travel,Travel,249,2011,Nonfiction,9
62875,Freya Stark ,/author/show/62875.Freya_Stark,Europe,3.85,https://www.goodreads.com/book/show/108629.The_Valleys_of_the_Assassins,108629,       The Valleys of the Assassins: and Other Persian Travels ,Travel,Nonfiction,320,1934,Nonfiction,9
13803,Dean King ,/author/show/13803.Dean_King,USA and Canada,4.04,https://www.goodreads.com/book/show/408147.Skeletons_on_the_Zahara,408147,       Skeletons on the Zahara: A True Story of Survival ,History,History,351,2004,Nonfiction,5
1899563,Eve Brown-Waite ,/author/show/1899563.Eve_Brown_Waite,USA and Canada,3.68,https://www.goodreads.com/book/show/4558426-first-comes-love-then-comes-malaria,4558426,"       First Comes Love, then Comes Malaria: How a Peace Corps Poster Boy Won My Heart and a Third World Adventure Changed My Life ",Travel,Nonfiction,320,2009,Nonfiction,9
17408604,Jennifer Bleakley ,/author/show/17408604.Jennifer_Bleakley,USA and Canada,4.61,https://www.goodreads.com/book/show/36840304-joey,36840304,       Joey: How a Blind Rescue Horse Helped Others Learn to See ,Animals,Animals,288,2018,Nonfiction,1
17560,Elizabeth George ,/author/show/17560.Elizabeth_George,USA and Canada,3.96,https://www.goodreads.com/book/show/20262901-a-young-woman-s-guide-to-discovering-her-bible,20262901,       A Young Woman's Guide to Discovering Her Bible ,Religion & Spirituality,Nonfiction,224,2014,Nonfiction,6
16386,Kate Williams ,/author/show/16386.Kate_Williams,Europe,3.87,https://www.goodreads.com/book/show/29123.England_s_Mistress,29123,       England's Mistress: The Infamous Life of Emma Hamilton ,History,Biography,480,2005,Nonfiction,5
37983,Caroline Moorehead ,/author/show/37983.Caroline_Moorehead,Europe,3.83,https://www.goodreads.com/book/show/11556268-a-train-in-winter,11556268,"       A Train in Winter: An Extraordinary Story of Women, Friendship, and Resistance in Occupied France ",History,History,374,2011,Nonfiction,5
12806,Hannah Arendt ,/author/show/12806.Hannah_Arendt,Europe,4.07,https://www.goodreads.com/book/show/261071.Letters_1925_1975,261071,"       Letters, 1925-1975 ",History,Nonfiction,335,1998,Nonfiction,5
657510,Jonathan Chamberlain ,/author/show/657510.Jonathan_Chamberlain,Unknown,3.93,https://www.goodreads.com/book/show/2847610-king-hui,2847610,       King Hui: The Man Who Owned All the Opium in Hong Kong ,Biography & Autobiography,Travel,348,2007,Nonfiction,2
156980,Julian of Norwich ,/author/show/156980.Julian_of_Norwich,Asia,3.98,https://www.goodreads.com/book/show/370774.Revelations_of_Divine_Love,370774,       Revelations of Divine Love ,Religion & Spirituality,Spirituality,240,1393,Nonfiction,6
248952,Thérèse de Lisieux ,/author/show/248952.Th_r_se_de_Lisieux,Europe,4.39,https://www.goodreads.com/book/show/754771.Story_of_a_Soul,754771,"       The Story of a Soul: The Autobiography of St. Thérèse of Lisieux With Additional Writings, Prayers, and Sayings of St. Thérèse (Illustrated) ",Biography & Autobiography,Religion,292,1898,Nonfiction,2
14417372,Elaine Pagels ,/author/show/14417372.Elaine_Pagels,Asia,3.9,https://www.goodreads.com/book/show/22470.The_Origin_of_Satan,22470,"       The Origin of Satan: How Christians Demonized Jews, Pagans and Heretics ",Religion & Spirituality,History,240,1995,Nonfiction,6
1374842,Fransje van Riel ,/author/show/1374842.Fransje_van_Riel,Europe,4.34,https://www.goodreads.com/book/show/16035405-my-life-with-leopards,16035405,       My Life with Leopards ,Biography & Autobiography,Nonfiction,230,2012,Nonfiction,2
117297,Wangari Maathai ,/author/show/117297.Wangari_Maathai,Africa,4.06,https://www.goodreads.com/book/show/201111.Unbowed,201111,       Unbowed: A Memoir ,Biography & Autobiography,Autobiography,314,2006,Nonfiction,2
7043934,Delia Owens ,/author/show/7043934.Delia_Owens,Unknown,4.23,https://www.goodreads.com/book/show/613929.The_Eye_of_the_Elephant,613929,       The Eye of the Elephant: An Epic Adventure in the African Wilderness ,Biography & Autobiography,Nonfiction,320,1992,Nonfiction,2
232218,Cynthia Moss ,/author/show/232218.Cynthia_Moss,USA and Canada,4.19,https://www.goodreads.com/book/show/409901.Elephant_Memories,409901,       Elephant Memories: Thirteen Years in the Life of an Elephant Family ,Animals,Animals,364,2000,Nonfiction,1
14670,Kuki Gallmann ,/author/show/14670.Kuki_Gallmann,Europe,3.91,https://www.goodreads.com/book/show/447434.I_Dreamed_of_Africa,447434,       I Dreamed of Africa ,Biography & Autobiography,Nonfiction,368,1991,Nonfiction,2
3488,Elspeth Huxley ,/author/show/3488.Elspeth_Huxley,Europe,4.12,https://www.goodreads.com/book/show/5137.The_Flame_Trees_of_Thika,5137,       The Flame Trees of Thika: Memories of an African Childhood ,Biography & Autobiography,Autobiography,281,1959,Nonfiction,2
132260,Ekaterina Gordeeva ,/author/show/132260.Ekaterina_Gordeeva,Europe,4.03,https://www.goodreads.com/book/show/225981.My_Sergei,225981,       My Sergei: A Love Story ,Biography & Autobiography,Biography,340,1996,Nonfiction,2
7372540,G.R. Reader ,/author/show/7372540.G_R_Reader,Europe,4.28,https://www.goodreads.com/book/show/18749172-off-topic,18749172,       Off-Topic: The Story of an Internet Revolt ,Writing,Writing,211,2013,Nonfiction,10
3318712,Amy Lou Jenkins ,/author/show/3318712.Amy_Lou_Jenkins,USA and Canada,4.33,https://www.goodreads.com/book/show/40231428-corners,40231428,       Corners: Voices on Change ,Biography & Autobiography,Biography,187,2018,Nonfiction,2
14048112,Meg Myers Morgan ,/author/show/14048112.Meg_Myers_Morgan,Unknown,4.34,https://www.goodreads.com/book/show/39857260-everything-is-negotiable,39857260,"       Everything Is Negotiable: The 5 Tactics to Get What You Want in Life, Love, and Work ",Self Help,Self Help,320,2018,Nonfiction,8
31107,Diana Preston ,/author/show/31107.Diana_Preston,Europe,4.06,https://www.goodreads.com/book/show/55129.A_Pirate_of_Exquisite_Mind,55129,"       A Pirate of Exquisite Mind: Explorer, Naturalist, and Buccaneer: The Life of William Dampier ",History,Biography,372,2004,Nonfiction,5
5960462,C.V. Wedgwood ,/author/show/5960462.C_V_Wedgwood,Europe,4.16,https://www.goodreads.com/book/show/287542.The_Thirty_Years_War,287542,       The Thirty Years War ,History,Nonfiction,536,1938,Nonfiction,5
3888197,Shonda Rhimes ,/author/show/3888197.Shonda_Rhimes,Unknown,4.08,https://www.goodreads.com/book/show/29540318-year-of-yes,29540318,       Year of Yes ,Biography & Autobiography,Autobiography,352,2015,Nonfiction,2
18514,Claire Tomalin ,/author/show/18514.Claire_Tomalin,Europe,3.99,https://www.goodreads.com/book/show/50376.Jane_Austen,50376,       Jane Austen: A Life ,Biography & Autobiography,Nonfiction,341,1997,Nonfiction,2
90150,Carrie Fisher ,/author/show/90150.Carrie_Fisher,USA and Canada,3.67,https://www.goodreads.com/book/show/26025989-the-princess-diarist,26025989,       The Princess Diarist ,Biography & Autobiography,Autobiography,257,2016,Nonfiction,2
3862145,Melanie Neale ,/author/show/3862145.Melanie_Neale,USA and Canada,4.02,https://www.goodreads.com/book/show/16060862-boat-girl,16060862,"       Boat Girl: A Memoir of Youth, Love & Fiberglass ",Travel,Autobiography,246,2012,Nonfiction,9
274511,Will Schwalbe ,/author/show/274511.Will_Schwalbe,USA and Canada,3.81,https://www.goodreads.com/book/show/13414676-the-end-of-your-life-book-club,13414676,       The End of Your Life Book Club ,Biography & Autobiography,Autobiography,336,2012,Nonfiction,2
8118570,Ruth   Butler ,/author/show/8118570.Ruth_Butler,USA and Canada,4.0,https://www.goodreads.com/book/show/21805856-echoes-from-the-hills-of-idaho,21805856,       Echoes from the Hills of Idaho ,Biography & Autobiography,Autobiography,162,2014,Nonfiction,2
2765967,Ginda Ayd Simpson ,/author/show/2765967.Ginda_Ayd_Simpson,USA and Canada,4.17,https://www.goodreads.com/book/show/6053016-deeply-rooted-in-faith-family,6053016,       Deeply Rooted in Faith & Family ,Biography & Autobiography,See top shelves…,290,2001,Nonfiction,2
5441376,Maureen Klovers ,/author/show/5441376.Maureen_Klovers,USA and Canada,3.66,https://www.goodreads.com/book/show/13401882-in-the-shadow-of-the-volcano,13401882,"       In the Shadow of the Volcano: One Ex-Intelligence Official's Journey through Slums, Prisons, and Leper Colonies to the Heart of Latin America ",Travel,Nonfiction,194,2012,Nonfiction,9
5662,Ruth Reichl ,/author/show/5662.Ruth_Reichl,USA and Canada,4.03,https://www.goodreads.com/book/show/8725.Comfort_Me_with_Apples,8725,       Comfort Me with Apples: More Adventures at the Table ,Food and Drink,Autobiography,302,2001,Nonfiction,4
7327976,Andra Watkins ,/author/show/7327976.Andra_Watkins,USA and Canada,3.94,https://www.goodreads.com/book/show/23436149-not-without-my-father,23436149,       Not Without My Father: One Woman's 444-Mile Walk of the Natchez Trace ,Biography & Autobiography,Nonfiction,238,2015,Nonfiction,2
40411,Immaculée Ilibagiza ,/author/show/40411.Immacul_e_Ilibagiza,Africa,4.44,https://www.goodreads.com/book/show/408615.Left_to_Tell,408615,       Left to Tell: Discovering God Amidst the Rwandan Holocaust ,Biography & Autobiography,Autobiography,214,2006,Nonfiction,2
24349,Betty Mahmoody ,/author/show/24349.Betty_Mahmoody,USA and Canada,4.07,https://www.goodreads.com/book/show/43255.Not_Without_My_Daughter,43255,       Not Without My Daughter ,Biography & Autobiography,Biography,432,1987,Nonfiction,2
231,Jean Fritz ,/author/show/231.Jean_Fritz,Asia,3.65,https://www.goodreads.com/book/show/9417995-alexander-hamilton,9417995,       Alexander Hamilton: the Outsider ,Biography & Autobiography,History,144,2011,Nonfiction,2
4547288,Amy Asbury ,/author/show/4547288.Amy_Asbury,USA and Canada,3.57,https://www.goodreads.com/book/show/10079837-the-sunset-strip-diaries,10079837,       The Sunset Strip Diaries ,Biography & Autobiography,Mental Health,334,2010,Nonfiction,2
4370,Elizabeth Wurtzel ,/author/show/4370.Elizabeth_Wurtzel,USA and Canada,3.59,https://www.goodreads.com/book/show/227603.Prozac_Nation,227603,       Prozac Nation ,Biography & Autobiography,Autobiography,336,1994,Nonfiction,2
191523,Caroline Paul ,/author/show/191523.Caroline_Paul,USA and Canada,3.75,https://www.goodreads.com/book/show/15793584-lost-cat,15793584,"       Lost Cat: A True Story of Love, Desperation, and GPS Technology ",Animals,Animals,176,2013,Nonfiction,1
521346,Carolyn Jourdan ,/author/show/521346.Carolyn_Jourdan,USA and Canada,3.85,https://www.goodreads.com/book/show/1047162.Heart_in_the_Right_Place,1047162,       Heart in the Right Place ,Biography & Autobiography,Nonfiction,304,2007,Nonfiction,2
6585288,Linda Kovic-Skow ,/author/show/6585288.Linda_Kovic_Skow,USA and Canada,3.7,https://www.goodreads.com/book/show/23253279-french-illusions,23253279,       French Illusions: My Story as an American Au Pair in the Loire Valley ,Travel,Autobiography,262,2012,Nonfiction,9
600812,Ophelia Field ,/author/show/600812.Ophelia_Field,Oceania,3.77,https://www.goodreads.com/book/show/1243559.Sarah_Churchill_Duchess_of_Marlborough,1243559,       Sarah Churchill Duchess of Marlborough: The Queen's Favourite ,History,Nonfiction,576,2002,Nonfiction,5
106554,Joan Haslip ,/author/show/106554.Joan_Haslip,Europe,3.88,https://www.goodreads.com/book/show/341168.Madame_du_Barry,341168,       Madame du Barry: The Wages of Beauty ,History,Biography,224,1991,Nonfiction,5
2563980,Josephine Wilkinson ,/author/show/2563980.Josephine_Wilkinson,Unknown,4.09,https://www.goodreads.com/book/show/6043508-mary-boleyn,6043508,       Mary Boleyn: The True Story of Henry VIII's Favourite Mistress ,History,English History,256,2009,Nonfiction,5
64115,Lisa Hilton ,/author/show/64115.Lisa_Hilton,Europe,3.77,https://www.goodreads.com/book/show/110786.Athenais,110786,"       Athenais: The Life of Louis XIV's Mistress, the Real Queen of France ",History,Biography,384,2002,Nonfiction,5
273817,Leslie Carroll ,/author/show/273817.Leslie_Carroll,USA and Canada,3.85,https://www.goodreads.com/book/show/3494957-royal-affairs,3494957,       Royal Affairs: A Lusty Romp Through the Extramarital Adventures That Rocked the British Monarchy ,History,Nonfiction,447,2008,Nonfiction,5
12072854,Althea S.T. ,/author/show/12072854.Althea_S_T_,Unknown,4.88,https://www.goodreads.com/book/show/41453512-chinese-astrology-for-health-and-wellbeing,41453512,       Chinese Astrology for Health and Wellbeing ,Self Help,See top shelves…,73,2018,Nonfiction,8
15275778,Mimi Novic ,/author/show/15275778.Mimi_Novic,Unknown,5.0,https://www.goodreads.com/book/show/30259588-the-silence-between-the-sighs,30259588,       The Silence Between the Sighs ,Self Help,See top shelves…,104,2016,Nonfiction,8
838305,Mother Teresa ,/author/show/838305.Mother_Teresa,Europe,4.36,https://www.goodreads.com/book/show/400763.No_Greater_Love,400763,       No Greater Love ,Religion & Spirituality,Religion,206,1997,Nonfiction,6
6457440,Joanne Lipman ,/author/show/6457440.Joanne_Lipman,USA and Canada,4.33,https://www.goodreads.com/book/show/16242285-strings-attached,16242285,       Strings Attached: Life Lessons from the World's Toughest Teacher ,Biography & Autobiography,Biography,304,2013,Nonfiction,2
3072557,Laura Weakley ,/author/show/3072557.Laura_Weakley,USA and Canada,4.5,https://www.goodreads.com/book/show/17133266-what-the-torah-teaches-us-about-life-through-the-themes-of-the-weekly,17133266,       What The Torah Teaches Us About Life / Through The Themes Of The Weekly Torah Portions (4) ,Self Help,Religion,629,2012,Nonfiction,8
5782912,Sumangali Morhall ,/author/show/5782912.Sumangali_Morhall,Europe,4.0,https://www.goodreads.com/book/show/13558632-auspicious-good-fortune,13558632,       Auspicious Good Fortune: One woman's inspirational journey from Western disillusionment to Eastern spiritual fulfilment ,Religion & Spirituality,Nonfiction,246,2012,Nonfiction,6
6037984,Marsha Roberts ,/author/show/6037984.Marsha_Roberts,USA and Canada,4.32,https://www.goodreads.com/book/show/18584315-confessions-of-an-instinctively-mutinous-baby-boomer,18584315,       Confessions of an Instinctively Mutinous Baby Boomer: And Her Parable of the Tomato Plant ,Self Help,Inspirational,204,2012,Nonfiction,8
6951311,Phylline Phillips ,/author/show/6951311.Phylline_Phillips,Unknown,4.69,https://www.goodreads.com/book/show/17408302-homeward-bound,17408302,       Homeward Bound: A Journey Of Faith ,Religion & Spirituality,Inspirational,46,2013,Nonfiction,6
8352,Joyce Meyer ,/author/show/8352.Joyce_Meyer,USA and Canada,4.48,https://www.goodreads.com/book/show/1604003.New_Day_New_You,1604003,"       New Day, New You: 366 Devotions for Enjoying Everyday Life ",Religion & Spirituality,Self Help,384,2007,Nonfiction,6
6831459,Jennifer   Howard ,/author/show/6831459.Jennifer_Howard,Unknown,4.22,https://www.goodreads.com/book/show/14349032-your-ultimate-life-plan,14349032,       Your Ultimate Life Plan: How to Deeply Transform Your Everyday Experience and Create Changes that Last ,Self Help,See top shelves…,288,2012,Nonfiction,8
4123171,Banani Ray ,/author/show/4123171.Banani_Ray,Asia,4.79,https://www.goodreads.com/book/show/8596181-awakening-inner-guru,8596181,       Awakening Inner Guru ,Religion & Spirituality,Inspirational,232,2010,Nonfiction,6
931248,Karen Whitelaw Smith ,/author/show/931248.Karen_Whitelaw_Smith,Europe,3.78,https://www.goodreads.com/book/show/5002584-the-butterfly-experience,5002584,       The Butterfly Experience ,Self Help,Nonfiction,192,2007,Nonfiction,8
372995,Anita Heiss ,/author/show/372995.Anita_Heiss,Oceania,3.81,https://www.goodreads.com/book/show/13570665-am-i-black-enough-for-you,13570665,       Am I Black Enough For You? ,Biography & Autobiography,Autobiography,346,2012,Nonfiction,2
